Электроника и освещение | Lighting & Electronics;Orden_Battery_Charger;*;10000;5000;Наш зарядник;
Электроника и освещение | Lighting & Electronics;XmasLights;*;500;50;Гирлянда;
Электроника и освещение | Lighting & Electronics;Headtorch_Black;*;250;25;;
Электроника и освещение | Lighting & Electronics;Headtorch_Grey;*;250;25;;
Электроника и освещение | Lighting & Electronics;Flashlight;*;50;25;;
Электроника и освещение | Lighting & Electronics;Orden_battery;*;250;125;Наша батарейка;
Электроника и освещение | Lighting & Electronics;Battery9V;*;50;25;;
Электроника и освещение | Lighting & Electronics;Chemlight_Blue;*;50;25;;
Электроника и освещение | Lighting & Electronics;Chemlight_Green;*;50;25;;
Электроника и освещение | Lighting & Electronics;Chemlight_Red;*;50;25;;
Электроника и освещение | Lighting & Electronics;Chemlight_White;*;50;25;;
Электроника и освещение | Lighting & Electronics;Chemlight_Yellow;*;50;25;;
Расходные материалы | Materials;Paper;1;100;50;;
Расходные материалы | Materials;Firewood;1;50;25;;
Расходные материалы | Materials;LongWoodenStick;1;50;25;;
Расходные материалы | Materials;WoodenStick;1;25;12;;
Расходные материалы | Materials;Matchbox;*;50;25;Спички;
Обустройство базы | Furniture;Msp_StoneFireplace_kit;*;5000;2500;;
Обустройство базы | Furniture;Msp_DoubleGunRack_Kit;*;10000;5000;;
Обустройство базы | Furniture;Msp_GunRack_Kit;*;7500;3750;;
Обустройство базы | Furniture;Msp_GunCabinet_Kit;*;4500;2250;;
Обустройство базы | Furniture;Msp_FourDoor_MilitaryLocker_Green_Kit;*;7500;3750;;
Обустройство базы | Furniture;Msp_MilitaryLocker_Kit;*;5000;2500;;
Обустройство базы | Furniture;Msp_ToolsBench_Blue_Kit;*;3000;1500;;
Обустройство базы | Furniture;Msp_ToolsBench_Grey_Kit;*;3000;1500;;
Обустройство базы | Furniture;Msp_ToolsBench_Red_Kit;*;3000;1500;;
Обустройство базы | Furniture;Msp_TrashCan;*;3000;1500;;
Обустройство базы | Furniture;Msp_Freezer_Kit;*;3000;1500;;
Обустройство базы | Furniture;Msp_50sFridge_Kit;*;3000;1500;;
Обустройство базы | Furniture;Orden_big_case;*;7500;3750;;
Обустройство базы | Furniture;Orden_military_big_case;*;7500;3750;;
Обустройство базы | Furniture;Orden_medical_big_case;*;7500;3750;;
Обустройство базы | Furniture;Orden_building_big_case;*;7500;3750;;
Обустройство базы | Furniture;Orden_mini_case;*;3000;1500;;
Обустройство базы | Furniture;Orden_military_mini_case;*;3000;1500;;
Обустройство базы | Furniture;Orden_medical_mini_case;*;3000;1500;;
Обустройство базы | Furniture;Orden_building_mini_case;*;3000;1500;;
Обустройство базы | Furniture;Msp_WaterBarrel_Plastic;*;5000;2500;;
Обустройство базы | Furniture;Msp_WaterBarrel_Plastic_Black;*;5000;2500;;
Обустройство базы | Furniture;Msp_WaterBarrel_Plastic_Green;*;5000;2500;;
Обустройство базы | Furniture;Msp_WaterBarrel_Stand;*;3000;1500;;
Обустройство базы | Furniture;Msp_WaterBarrel_Valve;*;1000;500;;
Обустройство базы | Furniture;gunwall_metal_kit_mung;*;8000;4000;;
Обустройство базы | Furniture;Msp_GrenadeBox;*;3000;1500;;
Обустройство базы | Furniture;Msp_AmmoCrate;*;3000;1500;;
Обустройство базы | Furniture;CarTent;*;15000;7500;;
Обустройство базы | Furniture;LargeTent;*;10000;5000;;
Обустройство базы | Furniture;MediumTent_Green;*;7000;3500;;
Обустройство базы | Furniture;MediumTent_Orange;*;6000;3000;;
Обустройство базы | Furniture;MediumTent;*;5000;2500;;
Обустройство базы | Furniture;SeaChest;*;3000;1500;;
Обустройство базы | Furniture;Barrel_Blue;*;2500;1250;;
Обустройство базы | Furniture;Barrel_Green;*;2500;1250;;
Обустройство базы | Furniture;Barrel_Red;*;2500;1250;;
Обустройство базы | Furniture;Barrel_Yellow;*;2500;1250;;
Обустройство базы | Furniture;Camonet;*;3000;1500;Камуфляжная сетка;
Обустройство базы | Furniture;PowerGenerator;*;3000;1500;;
Обустройство базы | Furniture;Spotlight;*;2000;1000;Строительная лампа;
Обустройство базы | Furniture;CableReel;*;1000;500;Кабельная катушка;
Холодное оружие | Melee weapons;FirefighterAxe;*;1500;750;Топор пожарного;
Холодное оружие | Melee weapons;FirefighterAxe_Black;*;1500;750;Топор пожарного;
Холодное оружие | Melee weapons;FirefighterAxe_Green;*;1500;750;Топор пожарного;
Холодное оружие | Melee weapons;NailedBaseballBat;*;500;250;Бита с гвоздями;
Холодное оружие | Melee weapons;CombatKnife;*;500;250;Боевой нож;
Холодное оружие | Melee weapons;BaseballBat;*;400;200;Бита;
Холодное оружие | Melee weapons;BrassKnuckles_Shiny;*;300;150;Золотой кастет;
Холодное оружие | Melee weapons;BrassKnuckles_Dull;*;300;150;Металический кастет;
Холодное оружие | Melee weapons;Machete;*;250;125;Мачете;
Холодное оружие | Melee weapons;KitchenKnife;*;150;75;Кухонный нож;
Холодное оружие | Melee weapons;SteakKnife;*;100;50;Нож для стейка;
Холодное оружие | Melee weapons;HuntingKnife;*;50;25;;
Пистолеты | Pistols;Deagle_Gold;W;-1;10000;;
Пистолеты | Pistols;Deagle;W;2500;1250;;
Пистолеты | Pistols;Magnum;W;2250;1250;;
Пистолеты | Pistols;MassG18_Green;W;2000;1000;;
Пистолеты | Pistols;Orden_W_APS;W;1750;875;;
Пистолеты | Pistols;Orden_W_FiveSeven;W;1500;750;;
Пистолеты | Pistols;Orden_W_Walther;W;1200;600;;
Пистолеты | Pistols;FNX45;W;900;450;;
Пистолеты | Pistols;Orden_W_BerettaM9;W;700;350;;
Пистолеты | Pistols;CZ75;W;600;300;;
Пистолеты | Pistols;Orden_W_PB;W;500;250;;
Пистолеты | Pistols;MakarovIJ70;W;250;125;;
Дробовики | Shotguns;Orden_W_AA12;W;-1;9000;;
Дробовики | Shotguns;Orden_W_BenelliM4;W;3500;1750;;
Дробовики | Shotguns;Saiga;W;3000;1500;;
Дробовики | Shotguns;Orden_W_SPAS12;W;2000;1000;;
Дробовики | Shotguns;Massarmsan;W;1200;600;;
Дробовики | Shotguns;Mp133Shotgun;W;650;325;;
Дробовики | Shotguns;Izh43Shotgun;W;500;250;;
Пистолеты-пулеметы | Submachine guns;Orden_W_P90;W;2500;1250;;
Пистолеты-пулеметы | Submachine guns;Orden_W_Kriss;W;2000;1000;;
Пистолеты-пулеметы | Submachine guns;UMP45;W;1500;750;;
Пистолеты-пулеметы | Submachine guns;Orden_W_Colt_9mm;W;1250;625;;
Пистолеты-пулеметы | Submachine guns;Orden_W_MP5SD;W;1000;500;;
Пистолеты-пулеметы | Submachine guns;Orden_W_Kedr;W;750;375;;
Винтовки | Rifles;Orden_W_VetterliM78_Old;W;-1;4500;;
Винтовки | Rifles;Orden_W_VetterliM78_New;W;8500;4250;;
Винтовки | Rifles;Orden_W_Kar98k;W;8000;4000;;
Винтовки | Rifles;Orden_W_M1Garand;W;7500;3750;;
Винтовки | Rifles;Repeater;W;7000;3500;;
Винтовки | Rifles;B95;W;5000;2500;;
Винтовки | Rifles;Winchester70;W;4500;2250;;
Винтовки | Rifles;Mosin9130;W;3000;1500;;
Винтовки | Rifles;SKS;W;2500;1250;;
Винтовки | Rifles;CZ527;W;1500;750;;
Штурмовые винтовки | Assault rifles;Orden_W_SCAR_H;W;-1;8500;;
Штурмовые винтовки | Assault rifles;FAL;W;-1;8000;;
Штурмовые винтовки | Assault rifles;Orden_W_ASVAL;W;15000;7000;;
Штурмовые винтовки | Assault rifles;Orden_W_HoneyBadger;W;12500;5500;;
Штурмовые винтовки | Assault rifles;Orden_W_AK15_2;W;10000;5000;;
Штурмовые винтовки | Assault rifles;Orden_W_AK15;W;9000;4500;;
Штурмовые винтовки | Assault rifles;Orden_W_HK416;W;8500;4250;;
Штурмовые винтовки | Assault rifles;Orden_W_KAC_PDW;W;7750;4000;;
Штурмовые винтовки | Assault rifles;Orden_W_GalilARM;W;7500;3500;;
Штурмовые винтовки | Assault rifles;Orden_W_SCAR_L;W;6750;3100;;
Штурмовые винтовки | Assault rifles;AKM;W;6250;2900;;
Штурмовые винтовки | Assault rifles;M4A1;W;6000;2800;;
Штурмовые винтовки | Assault rifles;Orden_W_AK105;W;5750;2650;;
Штурмовые винтовки | Assault rifles;Orden_W_AK105_camo;W;5750;2650;;
Штурмовые винтовки | Assault rifles;Orden_W_AK107;W;5750;2650;;
Штурмовые винтовки | Assault rifles;Orden_W_AK107_camo;W;5750;2650;;
Штурмовые винтовки | Assault rifles;AK101;W;5500;2500;;
Штурмовые винтовки | Assault rifles;Orden_W_AK12;W;5250;2350;;
Штурмовые винтовки | Assault rifles;AK74;W;5000;2000;;
Штурмовые винтовки | Assault rifles;AKS74U;W;4500;1750;;
Штурмовые винтовки | Assault rifles;Orden_W_M16A1;W;4000;1500;;
Штурмовые винтовки | Assault rifles;Orden_W_M16A1Apocal;W;-1;2500;;
Штурмовые винтовки | Assault rifles;Orden_W_M16A1_belted;W;-1;2500;;
Снайперские винтовки | Sniper rifles;Orden_W_BarretM107;W;-1;160000;;
Снайперские винтовки | Sniper rifles;Orden_W_CheyTacM200;W;-1;75000;;
Снайперские винтовки | Sniper rifles;Orden_W_M110;W;-1;9000;;
Снайперские винтовки | Sniper rifles;Orden_W_SCAR_SSR;W;-1;9000;;
Снайперские винтовки | Sniper rifles;Orden_W_HKG3;W;20000;8000;;
Снайперские винтовки | Sniper rifles;Orden_W_HKG3_green;W;20000;8000;;
Снайперские винтовки | Sniper rifles;MassKivaari;W;17000;7000;;
Снайперские винтовки | Sniper rifles;Orden_W_L96A1_black;W;15500;5750;;
Снайперские винтовки | Sniper rifles;Orden_W_L96A1;W;15000;5500;;
Снайперские винтовки | Sniper rifles;massm24;W;14500;5325;;
Снайперские винтовки | Sniper rifles;VSS;W;12000;4750;;
Снайперские винтовки | Sniper rifles;Orden_W_SVU;W;10000;4250;;
Снайперские винтовки | Sniper rifles;SVD;W;9000;4000;;
Снайперские винтовки | Sniper rifles;Orden_W_SV98;W;7000;3500;;
Пулемёты | Machine guns;Orden_W_PKM;W;-1;30000;;
Пулемёты | Machine guns;Orden_W_M249;W;45000;20000;;
Пулемёты | Machine guns;Orden_W_MG42;W;30000;12500;;
Пулемёты | Machine guns;Orden_W_RPK;W;20000;8500;;
Гранатометы | Grenade launchers;Orden_W_M79;W;-1;30000;;
Гранатометы | Grenade launchers;Orden_Ammo_40mm_HE;*;-1;3500;;
Гранаты и мины | Grenades & mines;LandMineTrap;*;5000;2000;;
Гранаты и мины | Grenades & mines;RGD5Grenade;*;3000;1250;;
Гранаты и мины | Grenades & mines;M67Grenade;*;3000;1250;;
Гранаты и мины | Grenades & mines;FlashGrenade;*;1000;400;;
Гранаты и мины | Grenades & mines;M18SmokeGrenade_Red;*;500;200;;
Гранаты и мины | Grenades & mines;M18SmokeGrenade_Green;*;500;200;;
Гранаты и мины | Grenades & mines;M18SmokeGrenade_Yellow;*;500;200;;
Гранаты и мины | Grenades & mines;M18SmokeGrenade_Purple;*;500;200;;
Гранаты и мины | Grenades & mines;M18SmokeGrenade_White;*;500;200;;
Гранаты и мины | Grenades & mines;RDG2SmokeGrenade_Black;*;250;100;;
Гранаты и мины | Grenades & mines;RDG2SmokeGrenade_White;*;250;100;;
Оборудование | Equipment;NVGoggles;*;5000;2500;ПНВ;
Оборудование | Equipment;NVGHeadstrap;*;2000;1000;Ремешок для ПНВ;
Оборудование | Equipment;MassBinocs;*;5000;2500;Бинокль c ПНВ;
Оборудование | Equipment;Rangefinder;*;1000;500;Дальномер;
Оборудование | Equipment;Binoculars;*;1000;500;Бинокль;
Оборудование | Equipment;Megaphone;*;1000;500;Мегафон;
Оборудование | Equipment;BaseRadio;*;1000;500;Полевая радиостанция;
Оборудование | Equipment;Orden_battery;*;250;125;Наша батарейка;
Оборудование | Equipment;Battery9V;*;50;25;;
Оборудование | Equipment;HandcuffKeys;*;200;100;Ключи от наручников;
Оборудование | Equipment;Handcuffs;*;150;75;Наручники;
Оборудование | Equipment;Msp_LargeAmmoBox;*;1000;500;Ящик для патронов;
Оборудование | Equipment;AmmoBox;*;750;375;Ящик для патронов;
Оборудование | Equipment;SmallProtectorCase;*;500;250;Защитный ящик (жёлтый);
Патроны в коробке | Ammo Box;Orden_AmmoBox_12_7x99_10Rnd;*;-1;3000;;
Патроны в коробке | Ammo Box;Orden_AmmoBox_408_20Rnd;*;-1;2500;;
Патроны в коробке | Ammo Box;AmmoBox_9x39AP_20Rnd;*;-1;1500;;
Патроны в коробке | Ammo Box;Orden_AmmoBox_338_20Rnd;*;600;300;;
Патроны в коробке | Ammo Box;AmmoBox_357_20Rnd;*;550;275;;
Патроны в коробке | Ammo Box;AmmoBox_308Win_20Rnd;*;500;250;;
Патроны в коробке | Ammo Box;Orden_AmmoBox_792x57_20Rnd;*;460;230;;
Патроны в коробке | Ammo Box;AmmoBox_9x39_20Rnd;*;400;200;;
Патроны в коробке | Ammo Box;AmmoBox_762x54_20Rnd;*;350;175;;
Патроны в коробке | Ammo Box;AmmoBox_762x39_20Rnd;*;300;150;;
Патроны в коробке | Ammo Box;AmmoBox_545x39_20Rnd;*;300;150;;
Патроны в коробке | Ammo Box;AmmoBox_556x45_20Rnd;*;300;150;;
Патроны в коробке | Ammo Box;Orden_AmmoBox_57x28_50Rnd;*;300;150;;
Патроны в коробке | Ammo Box;AmmoBox_12gaSlug_10Rnd;*;250;125;;
Патроны в коробке | Ammo Box;AmmoBox_00buck_10rnd;*;250;125;;
Патроны в коробке | Ammo Box;AmmoBox_45ACP_25rnd;*;150;75;;
Патроны в коробке | Ammo Box;AmmoBox_9x19_25rnd;*;120;60;;
Патроны в коробке | Ammo Box;AmmoBox_380_35rnd;*;120;60;;
Патроны | Ammo;Orden_Ammo_12_7x99;5;-1;1500;;
Патроны | Ammo;Orden_Ammo_408;10;-1;1250;;
Патроны | Ammo;Ammo_9x39AP;5;-1;550;;
Патроны | Ammo;Ammo_338;5;300;150;;
Патроны | Ammo;Ammo_357;10;275;135;;
Патроны | Ammo;Ammo_308Win;10;250;125;;
Патроны | Ammo;Orden_Ammo_792x57;10;230;115;;
Патроны | Ammo;Ammo_9x39;5;200;100;;
Патроны | Ammo;Ammo_762x54;10;175;85;;
Патроны | Ammo;Ammo_762x39;10;150;75;;
Патроны | Ammo;Ammo_545x39;10;150;75;;
Патроны | Ammo;Ammo_556x45;10;150;75;;
Патроны | Ammo;Orden_Ammo_57x28_50Rnd;25;150;75;;
Патроны | Ammo;Ammo_12gaSlug;5;125;65;;
Патроны | Ammo;Ammo_12gaPellets;5;125;65;;
Патроны | Ammo;Ammo_45ACP;10;75;35;;
Патроны | Ammo;Ammo_9x19;10;60;30;;
Патроны | Ammo;Ammo_380;10;60;30;;
Пустые магазины | Empty magazines;Orden_Mag_PKM_250Rnd;M;-1;10000;;
Пустые магазины | Empty magazines;Orden_Mag_PKM_200Rnd;M;-1;7500;;
Пустые магазины | Empty magazines;Orden_Mag_PKM_100Rnd;M;-1;5000;;
Пустые магазины | Empty magazines;Orden_Mag_M249_200Rnd;M;-1;4000;;
Пустые магазины | Empty magazines;Orden_Mag_M249_100Rnd;M;7000;3500;;
Пустые магазины | Empty magazines;Orden_Mag_MG42_50Rnd;M;5000;2500;;
Пустые магазины | Empty magazines;Orden_Mag_RPK_40Rnd;M;4000;2000;;
Пустые магазины | Empty magazines;Orden_Mag_BarretM107_10Rnd;M;-1;5000;;
Пустые магазины | Empty magazines;Orden_Mag_CheyTacM200_7rnd;M;-1;3000;;
Пустые магазины | Empty magazines;Orden_Mag_M110_20Rnd;M;-1;1100;;
Пустые магазины | Empty magazines;Orden_Mag_M110_10Rnd;M;2000;1000;;
Пустые магазины | Empty magazines;Orden_Mag_HKG3_20Rnd;M;1600;800;;
Пустые магазины | Empty magazines;kivaarimag;M;1400;700;;
Пустые магазины | Empty magazines;Orden_Mag_L96A1_10rnd;M;1300;650;;
Пустые магазины | Empty magazines;Mass338M24Mag;M;1250;625;;
Пустые магазины | Empty magazines;Mag_VSS_10Rnd;M;1100;550;;
Пустые магазины | Empty magazines;Mag_SVD_10Rnd;M;850;425;;
Пустые магазины | Empty magazines;Orden_Mag_SV98_10rnd;M;700;350;;
Пустые магазины | Empty magazines;Mag_CZ527_5rnd;M;250;125;;
Пустые магазины | Empty magazines;Orden_Mag_SCAR_H_20Rnd;M;-1;1000;;
Пустые магазины | Empty magazines;Mag_FAL_20Rnd;M;-1;800;;
Пустые магазины | Empty magazines;Orden_Mag_VAL_20Rnd;M;1200;600;;
Пустые магазины | Empty magazines;Orden_Mag_HB_30Rnd;M;900;450;;
Пустые магазины | Empty magazines;Mag_AKM_Drum75Rnd;M;700;350;;
Пустые магазины | Empty magazines;Orden_Mag_GalilARM_35Rnd;M;450;225;;
Пустые магазины | Empty magazines;Mag_AKM_Palm30Rnd;M;350;175;;
Пустые магазины | Empty magazines;Mag_AKM_30Rnd;M;350;175;;
Пустые магазины | Empty magazines;Mag_AK101_30Rnd;M;300;150;;
Пустые магазины | Empty magazines;Mag_AK74_30Rnd;M;300;150;;
Пустые магазины | Empty magazines;Mag_STANAGCoupled_30Rnd;M;700;350;;
Пустые магазины | Empty magazines;Mag_STANAG_30Rnd;M;300;150;;
Пустые магазины | Empty magazines;Orden_Mag_M16A1_20Rnd;M;250;125;;
Пустые магазины | Empty magazines;Orden_Mag_P90_50Rnd;M;550;275;;
Пустые магазины | Empty magazines;Orden_Mag_Kriss_33Rnd;M;450;225;;
Пустые магазины | Empty magazines;Mag_UMP_25Rnd;M;250;125;;
Пустые магазины | Empty magazines;Orden_Mag_Colt_9mm_30Rnd;M;200;100;;
Пустые магазины | Empty magazines;Mag_MP5_30Rnd;M;200;100;;
Пустые магазины | Empty magazines;Orden_Mag_Kedr_20Rnd;M;150;75;;
Пустые магазины | Empty magazines;Orden_Mag_AA12_Drum32Rnd;M;-1;3000;;
Пустые магазины | Empty magazines;Mag_Saiga_Drum20Rnd;M;400;200;;
Пустые магазины | Empty magazines;Mag_Saiga_8Rnd;M;250;125;;
Пустые магазины | Empty magazines;Mag_Saiga_5Rnd;M;150;75;;
Пустые магазины | Empty magazines;Mag_Deagle_9rnd;M;500;250;;
Пустые магазины | Empty magazines;MassG18Mag;M;350;175;;
Пустые магазины | Empty magazines;Orden_Mag_APS_20Rnd;M;300;150;;
Пустые магазины | Empty magazines;Orden_Mag_FiveSeven_20Rnd;M;250;125;;
Пустые магазины | Empty magazines;Orden_Mag_Walther_16Rnd;M;200;100;;
Пустые магазины | Empty magazines;Mag_FNX45_15Rnd;M;175;85;;
Пустые магазины | Empty magazines;Orden_Mag_BerettaM9_15Rnd;M;150;75;;
Пустые магазины | Empty magazines;Mag_CZ75_15Rnd;M;100;50;;
Пустые магазины | Empty magazines;Orden_Mag_PB_8Rnd;M;100;50;;
Пустые магазины | Empty magazines;Mag_IJ70_8Rnd;M;80;40;;
Заряженные магазины | Charged magazines;Orden_Mag_M249_100Rnd;*;8500;4250;;
Заряженные магазины | Charged magazines;Orden_Mag_M110_10Rnd;*;2250;1000;;
Заряженные магазины | Charged magazines;Orden_Mag_HKG3_20Rnd;*;2100;800;;
Заряженные магазины | Charged magazines;kivaarimag;*;1400;700;;
Заряженные магазины | Charged magazines;Orden_Mag_L96A1_10rnd;*;1900;950;;
Заряженные магазины | Charged magazines;Mass338M24Mag;*;1850;925;;
Заряженные магазины | Charged magazines;Mag_VSS_10Rnd;*;1500;750;;
Заряженные магазины | Charged magazines;Mag_SVD_10Rnd;*;1000;425;;
Заряженные магазины | Charged magazines;Orden_Mag_SV98_10rnd;*;850;350;;
Заряженные магазины | Charged magazines;Mag_CZ527_5rnd;*;325;125;;
Заряженные магазины | Charged magazines;Orden_Mag_VAL_20Rnd;*;2000;1000;;
Заряженные магазины | Charged magazines;Orden_Mag_HB_30Rnd;*;1350;675;;
Заряженные магазины | Charged magazines;Mag_AKM_Drum75Rnd;*;1450;725;;
Заряженные магазины | Charged magazines;Orden_Mag_GalilARM_35Rnd;*;900;450;;
Заряженные магазины | Charged magazines;Mag_AKM_Palm30Rnd;*;800;400;;
Заряженные магазины | Charged magazines;Mag_AKM_30Rnd;*;800;400;;
Заряженные магазины | Charged magazines;Mag_AK101_30Rnd;*;750;375;;
Заряженные магазины | Charged magazines;Mag_AK74_30Rnd;*;750;375;;
Заряженные магазины | Charged magazines;Mag_STANAGCoupled_30Rnd;*;1600;800;;
Заряженные магазины | Charged magazines;Mag_STANAG_30Rnd;*;750;375;;
Заряженные магазины | Charged magazines;Orden_Mag_M16A1_20Rnd;*;550;275;;
Заряженные магазины | Charged magazines;Orden_Mag_P90_50Rnd;*;900;450;;
Заряженные магазины | Charged magazines;Orden_Mag_Kriss_33Rnd;*;680;340;;
Заряженные магазины | Charged magazines;Mag_UMP_25Rnd;*;450;225;;
Заряженные магазины | Charged magazines;Orden_Mag_Colt_9mm_30Rnd;*;380;190;;
Заряженные магазины | Charged magazines;Mag_MP5_30Rnd;*;380;190;;
Заряженные магазины | Charged magazines;Orden_Mag_Kedr_20Rnd;*;270;135;;
Заряженные магазины | Charged magazines;Mag_Saiga_Drum20Rnd;*;800;400;;
Заряженные магазины | Charged magazines;Mag_Saiga_8Rnd;*;280;140;;
Заряженные магазины | Charged magazines;Mag_Saiga_5Rnd;*;250;125;;
Заряженные магазины | Charged magazines;Mag_Deagle_9rnd;*;775;380;;
Заряженные магазины | Charged magazines;MassG18Mag;*;530;265;;
Заряженные магазины | Charged magazines;Orden_Mag_APS_20Rnd;*;420;210;;
Заряженные магазины | Charged magazines;Orden_Mag_FiveSeven_20Rnd;*;370;185;;
Заряженные магазины | Charged magazines;Orden_Mag_Walther_16Rnd;*;300;150;;
Заряженные магазины | Charged magazines;Mag_FNX45_15Rnd;*;280;140;;
Заряженные магазины | Charged magazines;Orden_Mag_BerettaM9_15Rnd;*;240;120;;
Заряженные магазины | Charged magazines;Mag_CZ75_15Rnd;*;190;95;;
Заряженные магазины | Charged magazines;Orden_Mag_PB_8Rnd;*;150;75;;
Заряженные магазины | Charged magazines;Mag_IJ70_8Rnd;*;130;65;;
Прицелы | Optics;Orden_O_PN23Optic;*;5000;2500;Прицел ПНВ;
Прицелы | Optics;Orden_O_PVS4Optic;*;5000;2500;Прицел ПНВ;
Прицелы | Optics;Orden_O_NVLongRangeOptic;*;5000;2500;Прицел ПНВ;
Прицелы | Optics;KazuarOptic;*;5000;2500;Прицел ПНВ;
Прицелы | Optics;MassScope;*;2500;1250;Шинигами;
Прицелы | Optics;Orden_O_L96A1Optic;*;2000;1000;;
Прицелы | Optics;Mass1P69;*;2000;1000;;
Прицелы | Optics;Orden_O_HKG3Optic;*;1750;875;;
Прицелы | Optics;HuntingOptic;*;1500;750;;
Прицелы | Optics;PSO11Optic;*;1000;500;;
Прицелы | Optics;PSO1Optic;*;1000;500;;
Прицелы | Optics;ACOGOptic;*;1000;500;;
Прицелы | Optics;M68Optic;*;900;450;;
Прицелы | Optics;PUScopeOptic;*;800;400;;
Прицелы | Optics;KashtanOptic;*;800;400;;
Прицелы | Optics;Orden_O_OKP7;*;750;375;;
Прицелы | Optics;Orden_O_Holosight;*;700;350;;
Прицелы | Optics;Orden_O_EOTech_Red;*;675;335;;
Прицелы | Optics;Orden_O_EOTech_Camo;*;675;335;;
Прицелы | Optics;Orden_O_EOTech_Tan;*;650;325;;
Прицелы | Optics;Orden_O_EOTech;*;650;325;;
Прицелы | Optics;M4_T3NRDSOptic;*;650;325;;
Прицелы | Optics;ReflexOptic;*;650;325;;
Прицелы | Optics;MassHolo;*;650;325;;
Прицелы | Optics;KobraOptic;*;650;325;;
Прицелы | Optics;BUISOptic;*;400;200;;
Прицелы | Optics;M4_CarryHandleOptic;*;400;200;;
Прицелы | Optics;FNP45_MRDSOptic;*;250;125;;
Глушители и надульники | Suppressor and muzzle;Orden_M_M110_Suppressor;*;-1;4000;;
Глушители и надульники | Suppressor and muzzle;Orden_M_HKG3_Suppressor;*;1500;750;;
Глушители и надульники | Suppressor and muzzle;Orden_M_Salvo12_Suppressor;*;1000;500;;
Глушители и надульники | Suppressor and muzzle;Orden_M_Nato_Suppressor;*;1000;500;;
Глушители и надульники | Suppressor and muzzle;Orden_M_NatoDark_Suppressor;*;1000;500;;
Глушители и надульники | Suppressor and muzzle;Orden_M_NatoLight_Suppressor;*;1000;500;;
Глушители и надульники | Suppressor and muzzle;Orden_M_Covered_Suppressor;*;1000;500;;
Глушители и надульники | Suppressor and muzzle;Orden_M_Covered_Suppressor_black;*;1000;500;;
Глушители и надульники | Suppressor and muzzle;Orden_M_PBS4_Suppressor;*;1000;500;;
Глушители и надульники | Suppressor and muzzle;Orden_M_PBS1_Suppressor;*;1000;500;;
Глушители и надульники | Suppressor and muzzle;M4_Suppressor;*;800;400;;
Глушители и надульники | Suppressor and muzzle;AK_Suppressor;*;800;400;;
Глушители и надульники | Suppressor and muzzle;Orden_M_P90_Suppressor;*;1000;500;;
Глушители и надульники | Suppressor and muzzle;Orden_M_Kriss_Suppressor;*;900;450;;
Глушители и надульники | Suppressor and muzzle;Orden_M_WaltherSuppressor;*;800;400;;
Глушители и надульники | Suppressor and muzzle;Orden_M_APSSuppressor;*;750;375;;
Глушители и надульники | Suppressor and muzzle;Orden_M_PBRSuppressor;*;400;200;;
Глушители и надульники | Suppressor and muzzle;Orden_M_PBSuppressor;*;350;175;;
Глушители и надульники | Suppressor and muzzle;PistolSuppressor;*;300;150;;
Глушители и надульники | Suppressor and muzzle;Orden_M_OilSuppressor;*;200;100;;
Глушители и надульники | Suppressor and muzzle;Orden_M_OilSuppressor2;*;200;100;;
Глушители и надульники | Suppressor and muzzle;Orden_A_M16A1_Bayonet;*;400;200;;
Глушители и надульники | Suppressor and muzzle;AK_Bayonet;*;300;150;;
Глушители и надульники | Suppressor and muzzle;M9A1_Bayonet;*;300;150;;
Глушители и надульники | Suppressor and muzzle;Mosin_Bayonet;*;200;100;;
Глушители и надульники | Suppressor and muzzle;SKS_Bayonet;*;200;100;;
Глушители и надульники | Suppressor and muzzle;MassMuzzle338;*;900;450;;
Глушители и надульники | Suppressor and muzzle;Mosin_Compensator;*;100;50;;
Цевье приклады и обвесы | Weapon kits;Orden_A_M249_Bttstck;*;500;250;;
Цевье приклады и обвесы | Weapon kits;AK_RailHndgrd;*;250;125;;
Цевье приклады и обвесы | Weapon kits;AK_PlasticHndgrd;*;200;100;;
Цевье приклады и обвесы | Weapon kits;AK_WoodHndgrd;*;200;100;;
Цевье приклады и обвесы | Weapon kits;AK_FoldingBttstck;*;250;125;;
Цевье приклады и обвесы | Weapon kits;AKS74U_Bttstck;*;250;125;;
Цевье приклады и обвесы | Weapon kits;Saiga_Bttstck;*;250;125;;
Цевье приклады и обвесы | Weapon kits;AK_PlasticBttstck;*;200;100;;
Цевье приклады и обвесы | Weapon kits;AK_WoodBttstck;*;200;100;;
Цевье приклады и обвесы | Weapon kits;M4_RISHndgrd;*;250;125;;
Цевье приклады и обвесы | Weapon kits;M4_PlasticHndgrd;*;200;100;;
Цевье приклады и обвесы | Weapon kits;M4_MPHndgrd;*;200;100;;
Цевье приклады и обвесы | Weapon kits;M4_OEBttstck;*;250;125;;
Цевье приклады и обвесы | Weapon kits;M4_CQBBttstck;*;200;100;;
Цевье приклады и обвесы | Weapon kits;M4_MPBttstck;*;200;100;;
Цевье приклады и обвесы | Weapon kits;Fal_FoldingBttstck;*;250;125;;
Цевье приклады и обвесы | Weapon kits;Fal_OeBttstck;*;200;100;;
Цевье приклады и обвесы | Weapon kits;Orden_A_P90_RISHndgrd;*;150;75;;
Цевье приклады и обвесы | Weapon kits;Universallight;*;150;75;;
Цевье приклады и обвесы | Weapon kits;TLRLight;*;100;50;;
Шлемы | Helmets;NVGoggles;*;5000;2000;ПНВ;
Шлемы | Helmets;NVGHeadstrap;*;2000;750;Ремешок для ПНВ;
Шлемы | Helmets;Orden_Helmet_SOBR;*;-1;20000;;
Шлемы | Helmets;Orden_Helmet_SOBR_visor;*;-1;500;;
Шлемы | Helmets;Orden_Helmet_SOBR_green;*;-1;20000;;
Шлемы | Helmets;Orden_Helmet_SOBR_green_visor;*;-1;500;;
Шлемы | Helmets;GreatHelm;*;-1;10000;;
Шлемы | Helmets;GorkaHelmet;*;900;450;;
Шлемы | Helmets;GorkaHelmetVisor;*;250;125;;
Шлемы | Helmets;Mich2001Helmet;*;800;400;;
Шлемы | Helmets;massmichblack;*;800;400;;
Шлемы | Helmets;Ssh68Helmet;*;500;250;;
Шлемы | Helmets;TankerHelmet;*;250;125;;
Головные уборы | Hats;OfficerHat;*;200;100;;
Головные уборы | Hats;PoliceCap;*;200;100;;
Головные уборы | Hats;PilotkaCap;*;150;75;;
Головные уборы | Hats;MilitaryBeret_ChDKZ;*;150;75;;
Головные уборы | Hats;MilitaryBeret_Red;*;150;75;;
Головные уборы | Hats;MilitaryBeret_UN;*;150;75;;
Головные уборы | Hats;MilitaryBeret_CDF;*;150;75;;
Головные уборы | Hats;MilitaryBeret_NZ;*;150;75;;
Головные уборы | Hats;BoonieHat_DPM;*;150;75;;
Головные уборы | Hats;BoonieHat_Dubok;*;150;75;;
Головные уборы | Hats;BoonieHat_Flecktran;*;150;75;;
Головные уборы | Hats;BoonieHat_Olive;*;50;25;;
Головные уборы | Hats;BoonieHat_Black;*;50;25;;
Головные уборы | Hats;BoonieHat_Tan;*;50;25;;
Головные уборы | Hats;BoonieHat_NavyBlue;*;50;25;;
Головные уборы | Hats;BoonieHat_Blue;*;50;25;;
Головные уборы | Hats;BoonieHat_Red;*;50;25;;
Головные уборы | Hats;BoonieHat_Orange;*;50;25;;
Головные уборы | Hats;BaseballCap_CMMG_Black;*;150;75;;
Головные уборы | Hats;BaseballCap_CMMG_Pink;*;150;75;;
Головные уборы | Hats;BaseballCap_Camo;*;150;75;;
Головные уборы | Hats;BaseballCap_Olive;*;120;60;;
Головные уборы | Hats;BaseballCap_Black;*;120;60;;
Головные уборы | Hats;BaseballCap_Pink;*;100;50;;
Головные уборы | Hats;BaseballCap_Red;*;100;50;;
Головные уборы | Hats;BaseballCap_Blue;*;100;50;;
Головные уборы | Hats;BaseballCap_Beige;*;100;50;;
Головные уборы | Hats;CowboyHat_black;*;100;50;;
Головные уборы | Hats;CowboyHat_green;*;100;50;;
Головные уборы | Hats;CowboyHat_Brown;*;100;50;;
Головные уборы | Hats;CowboyHat_darkBrown;*;100;50;;
Головные уборы | Hats;FlatCap_Black;*;90;45;;
Головные уборы | Hats;FlatCap_Blue;*;90;45;;
Головные уборы | Hats;FlatCap_Red;*;90;45;;
Головные уборы | Hats;FlatCap_Brown;*;90;45;;
Головные уборы | Hats;FlatCap_Grey;*;90;45;;
Головные уборы | Hats;FlatCap_BrownCheck;*;90;45;;
Головные уборы | Hats;FlatCap_GreyCheck;*;90;45;;
Головные уборы | Hats;FlatCap_BlackCheck;*;90;45;;
Головные уборы | Hats;Bandana_Camopattern;*;100;50;;
Головные уборы | Hats;Bandana_Greenpattern;*;80;40;;
Головные уборы | Hats;Bandana_Blackpattern;*;80;40;;
Головные уборы | Hats;Bandana_Polkapattern;*;80;40;;
Головные уборы | Hats;Bandana_Redpattern;*;80;40;;
Головные уборы | Hats;ZmijovkaCap_Green;*;70;35;;
Головные уборы | Hats;ZmijovkaCap_Black;*;70;35;;
Головные уборы | Hats;ZmijovkaCap_Brown;*;70;35;;
Головные уборы | Hats;ZmijovkaCap_Blue;*;70;35;;
Головные уборы | Hats;ZmijovkaCap_Red;*;70;35;;
Головные уборы | Hats;RadarCap_Green;*;50;25;;
Головные уборы | Hats;RadarCap_Black;*;50;25;;
Головные уборы | Hats;RadarCap_Brown;*;50;25;;
Головные уборы | Hats;RadarCap_Blue;*;50;25;;
Головные уборы | Hats;RadarCap_Red;*;50;25;;
Головные уборы | Hats;BeanieHat_Green;*;40;20;;
Головные уборы | Hats;BeanieHat_Black;*;40;20;;
Головные уборы | Hats;BeanieHat_Brown;*;40;20;;
Головные уборы | Hats;BeanieHat_Beige;*;40;20;;
Головные уборы | Hats;BeanieHat_Grey;*;40;20;;
Головные уборы | Hats;BeanieHat_Blue;*;40;20;;
Головные уборы | Hats;BeanieHat_Red;*;40;20;;
Головные уборы | Hats;BeanieHat_Pink;*;40;20;;
Маски | Masks;BalaclavaMask_Green;*;200;100;;
Маски | Masks;BalaclavaMask_Black;*;200;100;;
Маски | Masks;BalaclavaMask_Blackskull;*;200;100;;
Маски | Masks;BalaclavaMask_Beige;*;200;100;;
Маски | Masks;BalaclavaMask_Blue;*;200;100;;
Маски | Masks;BalaclavaMask_Pink;*;200;100;;
Маски | Masks;Balaclava3Holes_Green;*;150;75;;
Маски | Masks;Balaclava3Holes_Black;*;150;75;;
Маски | Masks;Balaclava3Holes_Beige;*;150;75;;
Маски | Masks;Balaclava3Holes_Blue;*;150;75;;
Маски | Masks;WeldingMask;*;100;50;;
Маски | Masks;BandanaMask_CamoPattern;*;100;50;;
Маски | Masks;BandanaMask_GreenPattern;*;80;40;;
Маски | Masks;BandanaMask_BlackPattern;*;80;40;;
Маски | Masks;BandanaMask_PolkaPattern;*;80;40;;
Маски | Masks;BandanaMask_RedPattern;*;80;40;;
Очки | Glasses;TacticalGoggles;*;150;75;;
Очки | Glasses;AviatorGlasses;*;100;50;;
Очки | Glasses;DesignerGlasses;*;80;40;;
Очки | Glasses;ThickFramesGlasses;*;50;25;;
Очки | Glasses;ThinFramesGlasses;*;50;25;;
Очки | Glasses;SportGlasses_Green;*;150;75;;
Очки | Glasses;SportGlasses_Black;*;120;60;;
Очки | Glasses;SportGlasses_Blue;*;50;25;;
Очки | Glasses;SportGlasses_Orange;*;50;25;;
Повязки | Armband;MassArmbandDouble_Smiley;*;200;100;;
Повязки | Armband;MassArmbandDouble_NCR;*;200;100;;
Повязки | Armband;MassArmbandDouble_TU;*;200;100;;
Повязки | Armband;MassArmbandDouble_snowBDU;*;200;100;;
Повязки | Armband;MassArmbandDouble_PartizanM;*;200;100;;
Повязки | Armband;MassArmbandDouble_Mandrake;*;200;100;;
Повязки | Armband;MassArmbandDouble_Woodland;*;200;100;;
Повязки | Armband;MassArmbandDouble_Urban;*;200;100;;
Повязки | Armband;MassArmbandDouble_Orel;*;200;100;;
Повязки | Armband;MassArmbandDouble_BWS;*;200;100;;
Повязки | Armband;MassArmbandDouble_BT;*;200;100;;
Повязки | Armband;MassArmbandDouble_ICO;*;200;100;;
Повязки | Armband;MassArmbandDouble_Pink;*;100;100;;
Повязки | Armband;MassArmbandDouble_Yellow;*;100;100;;
Повязки | Armband;MassArmbandDouble_Orange;*;100;100;;
Повязки | Armband;MassArmbandDouble_Red;*;100;100;;
Повязки | Armband;MassArmbandDouble_Blue;*;100;100;;
Повязки | Armband;MassArmbandDouble_White;*;100;100;;
Повязки | Armband;MassArmbandDouble_Black;*;100;100;;
Повязки | Armband;MassArmbandDouble_Green;*;100;100;;
Повязки | Armband;Armband_Pink;*;50;25;;
Повязки | Armband;Armband_Yellow;*;50;25;;
Повязки | Armband;Armband_Orange;*;50;25;;
Повязки | Armband;Armband_Red;*;50;25;;
Повязки | Armband;Armband_Blue;*;50;25;;
Повязки | Armband;Armband_White;*;50;25;;
Повязки | Armband;Armband_Black;*;50;25;;
Повязки | Armband;Armband_Green;*;50;25;;
Перчатки | Gloves;TacticalGloves_Green;*;200;100;;
Перчатки | Gloves;TacticalGloves_Black;*;200;100;;
Перчатки | Gloves;TacticalGloves_Beige;*;200;100;;
Перчатки | Gloves;OMNOGloves_Gray;*;150;75;;
Перчатки | Gloves;OMNOGloves_Brown;*;150;75;;
Перчатки | Gloves;WorkingGloves_Yellow;*;100;50;;
Перчатки | Gloves;WorkingGloves_Beige;*;100;50;;
Перчатки | Gloves;WorkingGloves_Brown;*;100;50;;
Перчатки | Gloves;WorkingGloves_Black;*;100;50;;
Бронежилеты и карманы | Body armor;Orden_Armor_SOBR;*;-1;20000;;
Бронежилеты и карманы | Body armor;Orden_ArmorPouches_SOBR;*;-1;300;;
Бронежилеты и карманы | Body armor;Orden_ArmorHolster_SOBR;*;-1;100;;
Бронежилеты и карманы | Body armor;Orden_Armor_SOBR_green;*;-1;20000;;
Бронежилеты и карманы | Body armor;Orden_ArmorPouches_SOBR_green;*;-1;300;;
Бронежилеты и карманы | Body armor;Orden_ArmorHolster_SOBR_green;*;-1;100;;
Бронежилеты и карманы | Body armor;MassHeavyPlateVest_ODG;*;25000;10000;;
Бронежилеты и карманы | Body armor;MassHeavyPlateVest_Black;*;25000;10000;;
Бронежилеты и карманы | Body armor;MassHeavyPlateVest_Beige;*;25000;10000;;
Бронежилеты и карманы | Body armor;PlateCarrierVest;*;2500;1250;;
Бронежилеты и карманы | Body armor;PlateCarrierPouches;*;500;250;;
Бронежилеты и карманы | Body armor;PlateCarrierHolster;*;250;125;;
Бронежилеты и карманы | Body armor;MassTacticalBag;*;500;250;;
Бронежилеты и карманы | Body armor;MassTacticalBagBlack;*;500;250;;
Бронежилеты и карманы | Body armor;MassTacticalBagWD;*;500;250;;
Разгрузки | Vests;HighCapacityVest_Olive;*;700;350;;
Разгрузки | Vests;HighCapacityVest_Black;*;700;350;;
Разгрузки | Vests;SmershVest;*;600;300;;
Разгрузки | Vests;SmershBag;*;500;250;;
Разгрузки | Vests;UKAssVest_Black;*;450;225;;
Разгрузки | Vests;UKAssVest_Khaki;*;450;225;;
Разгрузки | Vests;UKAssVest_Olive;*;450;225;;
Разгрузки | Vests;UKAssVest_Camo;*;450;225;;
Разгрузки | Vests;PressVest_Blue;*;250;125;;
Разгрузки | Vests;PressVest_LightBlue;*;250;125;;
Разгрузки | Vests;HuntingVest;*;200;100;;
Разгрузки | Vests;ChestHolster;*;150;75;;
Разгрузки | Vests;PoliceVest;*;100;50;;
Куртки | Jackets;GorkaEJacket_Summer;*;500;250;;
Куртки | Jackets;GorkaEJacket_PautRev;*;500;250;;
Куртки | Jackets;GorkaEJacket_Autumn;*;500;250;;
Куртки | Jackets;GorkaEJacket_Flat;*;500;250;;
Куртки | Jackets;TTsKOJacket_Camo;*;450;225;;
Куртки | Jackets;M65Jacket_Olive;*;400;200;;
Куртки | Jackets;M65Jacket_Khaki;*;400;200;;
Куртки | Jackets;M65Jacket_Black;*;400;200;;
Куртки | Jackets;M65Jacket_Tan;*;400;200;;
Куртки | Jackets;BDUJacket;*;350;175;;
Куртки | Jackets;USMCJacket_Desert;*;350;175;;
Куртки | Jackets;USMCJacket_Woodland;*;350;175;;
Куртки | Jackets;HuntingJacket_Spring;*;350;175;;
Куртки | Jackets;MassBlackJacket;*;350;175;;
Куртки | Jackets;HuntingJacket_Brown;*;350;175;;
Куртки | Jackets;HuntingJacket_Summer;*;350;175;;
Куртки | Jackets;HuntingJacket_Autumn;*;350;175;;
Куртки | Jackets;TacticalShirt_Olive;*;300;150;;
Куртки | Jackets;TacticalShirt_Black;*;300;150;;
Куртки | Jackets;TacticalShirt_Grey;*;300;150;;
Куртки | Jackets;TacticalShirt_Tan;*;300;150;;
Куртки | Jackets;FirefighterJacket_Black;*;250;125;;
Куртки | Jackets;FirefighterJacket_Beige;*;250;125;;
Куртки | Jackets;WoolCoat_Green;*;150;75;;
Куртки | Jackets;WoolCoat_Black;*;150;75;;
Куртки | Jackets;WoolCoat_BlackCheck;*;150;75;;
Куртки | Jackets;WoolCoat_Beige;*;150;75;;
Куртки | Jackets;WoolCoat_BrownCheck;*;150;75;;
Куртки | Jackets;WoolCoat_GreyCheck;*;150;75;;
Куртки | Jackets;WoolCoat_BlueCheck;*;150;75;;
Куртки | Jackets;WoolCoat_Blue;*;150;75;;
Куртки | Jackets;WoolCoat_Red;*;150;75;;
Куртки | Jackets;WoolCoat_RedCheck;*;150;75;;
Куртки | Jackets;RidersJacket_Black;*;150;75;;
Куртки | Jackets;TrackSuitJacket_Black;*;130;65;;
Куртки | Jackets;TrackSuitJacket_Green;*;130;65;;
Куртки | Jackets;TrackSuitJacket_Blue;*;130;65;;
Куртки | Jackets;TrackSuitJacket_LightBlue;*;130;65;;
Куртки | Jackets;TrackSuitJacket_Red;*;130;65;;
Куртки | Jackets;BomberJacket_Blue;*;100;50;;
Куртки | Jackets;BomberJacket_Black;*;100;50;;
Куртки | Jackets;BomberJacket_Olive;*;100;50;;
Куртки | Jackets;HikingJacket_Red;*;100;50;;
Куртки | Jackets;HikingJacket_Blue;*;100;50;;
Куртки | Jackets;HikingJacket_Black;*;100;50;;
Куртки | Jackets;HikingJacket_Green;*;100;50;;
Куртки | Jackets;Raincoat_Green;*;125;60;;
Куртки | Jackets;Raincoat_Black;*;125;60;;
Куртки | Jackets;Raincoat_Blue;*;125;60;;
Куртки | Jackets;Raincoat_Red;*;125;60;;
Куртки | Jackets;Raincoat_Pink;*;125;60;;
Куртки | Jackets;Raincoat_Orange;*;125;60;;
Куртки | Jackets;Raincoat_Yellow;*;125;60;;
Футболки | T-shirts;TelnyashkaShirt;*;120;60;;
Футболки | T-shirts;Shirt_GreenCheck;*;100;50;;
Футболки | T-shirts;Shirt_BlueCheckBright;*;100;50;;
Футболки | T-shirts;Shirt_BlueCheck;*;100;50;;
Футболки | T-shirts;Shirt_WhiteCheck;*;100;50;;
Футболки | T-shirts;Shirt_PlaneBlack;*;100;50;;
Футболки | T-shirts;Shirt_RedCheck;*;100;50;;
Штаны | Pants;GorkaPants_Summer;*;500;250;;
Штаны | Pants;GorkaPants_PautRev;*;500;250;;
Штаны | Pants;GorkaPants_Autumn;*;500;250;;
Штаны | Pants;GorkaPants_Flat;*;500;250;;
Штаны | Pants;TTSKOPants;*;450;225;;
Штаны | Pants;CargoPants_Green;*;400;200;;
Штаны | Pants;CargoPants_Black;*;400;200;;
Штаны | Pants;CargoPants_Grey;*;400;200;;
Штаны | Pants;CargoPants_Beige;*;400;200;;
Штаны | Pants;CargoPants_Blue;*;400;200;;
Штаны | Pants;BDUPants;*;350;175;;
Штаны | Pants;USMCPants_Desert;*;350;175;;
Штаны | Pants;USMCPants_Woodland;*;350;175;;
Штаны | Pants;HunterPants_Spring;*;350;175;;
Штаны | Pants;HunterPants_Brown;*;350;175;;
Штаны | Pants;HunterPants_Summer;*;350;175;;
Штаны | Pants;HunterPants_Autumn;*;350;175;;
Штаны | Pants;FirefightersPants_Black;*;300;150;;
Штаны | Pants;FirefightersPants_Beige;*;300;150;;
Штаны | Pants;TrackSuitPants_Black;*;130;65;;
Штаны | Pants;TrackSuitPants_Green;*;130;65;;
Штаны | Pants;TrackSuitPants_Blue;*;130;65;;
Штаны | Pants;TrackSuitPants_LightBlue;*;130;65;;
Штаны | Pants;TrackSuitPants_Red;*;130;65;;
Штаны | Pants;Jeans_Green;*;50;25;;
Штаны | Pants;Jeans_Black;*;50;25;;
Штаны | Pants;Jeans_Blue;*;50;25;;
Штаны | Pants;Jeans_BlueDark;*;50;25;;
Штаны | Pants;Jeans_Brown;*;50;25;;
Штаны | Pants;Jeans_Grey;*;50;25;;
Обувь | Shoes;MilitaryBoots_Black;*;500;250;;
Обувь | Shoes;MilitaryBoots_Brown;*;500;250;;
Обувь | Shoes;MilitaryBoots_Beige;*;500;250;;
Обувь | Shoes;MilitaryBoots_Bluerock;*;500;250;;
Обувь | Shoes;MilitaryBoots_Redpunk;*;500;250;;
Обувь | Shoes;TTSKOBoots;*;450;225;;
Обувь | Shoes;CombatBoots_Green;*;400;200;;
Обувь | Shoes;CombatBoots_Black;*;400;200;;
Обувь | Shoes;CombatBoots_Brown;*;400;200;;
Обувь | Shoes;CombatBoots_Beige;*;400;200;;
Обувь | Shoes;CombatBoots_Grey;*;400;200;;
Обувь | Shoes;JungleBoots_Green;*;350;175;;
Обувь | Shoes;JungleBoots_Olive;*;350;175;;
Обувь | Shoes;JungleBoots_Black;*;350;175;;
Обувь | Shoes;JungleBoots_Brown;*;350;175;;
Обувь | Shoes;JungleBoots_Beige;*;350;175;;
Обувь | Shoes;HikingBoots_Black;*;250;125;;
Обувь | Shoes;HikingBoots_Brown;*;250;125;;
Обувь | Shoes;HikingBootsLow_Blue;*;200;100;;
Обувь | Shoes;HikingBootsLow_Grey;*;200;100;;
Обувь | Shoes;HikingBootsLow_Beige;*;200;100;;
Обувь | Shoes;HikingBootsLow_Black;*;200;100;;
Обувь | Shoes;Wellies_Grey;*;160;80;;
Обувь | Shoes;Wellies_Brown;*;160;80;;
Обувь | Shoes;Wellies_Black;*;160;80;;
Обувь | Shoes;Wellies_Green;*;160;80;;
Обувь | Shoes;WorkingBoots_Yellow;*;140;70;;
Обувь | Shoes;WorkingBoots_Grey;*;140;70;;
Обувь | Shoes;WorkingBoots_Beige;*;140;70;;
Обувь | Shoes;WorkingBoots_Brown;*;140;70;;
Обувь | Shoes;WorkingBoots_Green;*;140;70;;
Обувь | Shoes;Sneakers_Green;*;120;60;;
Обувь | Shoes;Sneakers_Red;*;120;60;;
Обувь | Shoes;Sneakers_Black;*;120;60;;
Обувь | Shoes;Sneakers_Gray;*;120;60;;
Обувь | Shoes;Sneakers_White;*;120;60;;
Обувь | Shoes;AthleticShoes_Green;*;100;50;;
Обувь | Shoes;AthleticShoes_Black;*;100;50;;
Обувь | Shoes;AthleticShoes_Grey;*;100;50;;
Обувь | Shoes;AthleticShoes_Brown;*;100;50;;
Обувь | Shoes;AthleticShoes_Blue;*;100;50;;
Ремни | Belts;MassToolbelt;*;250;125;;
Ремни | Belts;MilitaryBelt;*;200;100;;
Ремни | Belts;CivilianBelt;*;100;50;;
Гили и накидки | Ghillie;MassGhillieSuitMossy;*;25000;12500;;
Гили и накидки | Ghillie;MassGhillieSuitWoodland;*;25000;12500;;
Гили и накидки | Ghillie;GhillieSuit_fern;*;-1;30000;;
Гили и накидки | Ghillie;GhillieSuit_leaf;*;-1;30000;;
Гили и накидки | Ghillie;GhillieSuit_Tan;*;15000;7500;;
Гили и накидки | Ghillie;GhillieSuit_Mossy;*;15000;7500;;
Гили и накидки | Ghillie;GhillieSuit_Woodland;*;15000;7500;;
Гили и накидки | Ghillie;GhillieTop_fern;*;-1;15000;;
Гили и накидки | Ghillie;GhillieTop_leaf;*;-1;15000;;
Гили и накидки | Ghillie;GhillieTop_Tan;*;10000;5000;;
Гили и накидки | Ghillie;GhillieTop_Mossy;*;10000;5000;;
Гили и накидки | Ghillie;GhillieTop_Woodland;*;10000;5000;;
Гили и накидки | Ghillie;GhillieBushrag_fern;*;-1;10000;;
Гили и накидки | Ghillie;GhillieBushrag_leaf;*;-1;10000;;
Гили и накидки | Ghillie;GhillieBushrag_Tan;*;5000;2500;;
Гили и накидки | Ghillie;GhillieBushrag_Mossy;*;5000;2500;;
Гили и накидки | Ghillie;GhillieBushrag_Woodland;*;5000;2500;;
Гили и накидки | Ghillie;GhillieHood_fern;*;-1;10000;;
Гили и накидки | Ghillie;GhillieHood_leaf;*;-1;10000;;
Гили и накидки | Ghillie;GhillieHood_Tan;*;5000;2500;;
Гили и накидки | Ghillie;GhillieHood_Mossy;*;5000;2500;;
Гили и накидки | Ghillie;GhillieHood_Woodland;*;5000;2500;;
Гили и накидки | Ghillie;GhillieAtt_fern;*;-1;7500;;
Гили и накидки | Ghillie;GhillieAtt_leaf;*;-1;7500;;
Гили и накидки | Ghillie;GhillieAtt_Tan;*;3500;1750;;
Гили и накидки | Ghillie;GhillieAtt_Mossy;*;3500;1750;;
Гили и накидки | Ghillie;GhillieAtt_Woodland;*;3500;1750;;
Гили и накидки | Ghillie;poncho_camo_mung;*;5000;2500;;
Гили и накидки | Ghillie;poncho_mung;*;5000;2500;;
Гили и накидки | Ghillie;BurlapStrip;1;1500;750;;
Гили и накидки | Ghillie;Netting;1;1000;500;Сетка;
Гили и накидки | Ghillie;BurlapSack;*;-1;2500;Мешок;
Рюкзаки | Bags;bag_6B38_camo_mung;*;11000;5500;;
Рюкзаки | Bags;bag_6B38_Black_mung;*;11000;5500;;
Рюкзаки | Bags;Hikingbagmung_camo;*;7000;3500;;
Рюкзаки | Bags;Hikingbagmung_green;*;7000;3500;;
Рюкзаки | Bags;Hikingbagmung_black;*;7000;3500;;
Рюкзаки | Bags;Massbag;*;8000;4000;;
Рюкзаки | Bags;Massbag2;*;8000;4000;;
Рюкзаки | Bags;Massbag4;*;8000;4000;;
Рюкзаки | Bags;Massczech;*;7000;3500;;
Рюкзаки | Bags;Orden_MountainBag_black;*;6500;3250;;
Рюкзаки | Bags;MassBlackYellowMB;*;6500;3250;;
Рюкзаки | Bags;MountainBag_Orange;*;6500;3250;;
Рюкзаки | Bags;MountainBag_Red;*;6500;3250;;
Рюкзаки | Bags;MountainBag_Blue;*;6500;3250;;
Рюкзаки | Bags;MountainBag_Green;*;6500;3250;;
Рюкзаки | Bags;AliceBag_Black;*;6000;3000;;
Рюкзаки | Bags;AliceBag_Green;*;6000;3000;;
Рюкзаки | Bags;AliceBag_Camo;*;6000;3000;;
Рюкзаки | Bags;CoyoteBag_Brown;*;5500;2750;;
Рюкзаки | Bags;CoyoteBag_Green;*;5500;2750;;
Рюкзаки | Bags;TortillaBag;*;5250;2625;;
Рюкзаки | Bags;HuntingBag;*;5000;4500;;
Рюкзаки | Bags;Massbrownhuntingbp;*;5000;4500;;
Рюкзаки | Bags;Massblackhuntingbp;*;5000;4500;;
Рюкзаки | Bags;Massmedbag_green;*;4000;2000;;
Рюкзаки | Bags;Massmedbag_blue;*;4000;2000;;
Рюкзаки | Bags;Massmedbag;*;4000;2000;;
Рюкзаки | Bags;AssaultBag_Black;*;3000;1500;;
Рюкзаки | Bags;AssaultBag_Green;*;3000;1500;;
Рюкзаки | Bags;AssaultBag_Ttsko;*;3000;1500;;
Рюкзаки | Bags;Orden_TaloonBag_black;*;2500;1250;;
Рюкзаки | Bags;TaloonBag_Green;*;2500;1250;;
Рюкзаки | Bags;TaloonBag_Blue;*;2500;1250;;
Рюкзаки | Bags;TaloonBag_Violet;*;2500;1250;;
Рюкзаки | Bags;TaloonBag_Orange;*;2500;1250;;
Рюкзаки | Bags;DryBag_Black;*;5000;2500;;
Рюкзаки | Bags;DryBag_Blue;*;5000;2500;;
Рюкзаки | Bags;DryBag_Green;*;5000;2500;;
Рюкзаки | Bags;DryBag_Orange;*;5000;2500;;
Рюкзаки | Bags;DryBag_Red;*;5000;2500;;
Рюкзаки | Bags;DryBag_Yellow;*;5000;2500;;
Рюкзаки | Bags;WaterproofBag_Green;*;1500;750;;
Рюкзаки | Bags;WaterproofBag_Orange;*;1500;750;;
Рюкзаки | Bags;WaterproofBag_Yellow;*;1500;750;;
Автомобили | Cars;CrSk_Oshkosh_M_ATV_HA;V;-1;1000000;;
Автомобили | Cars;CrSk_Oshkosh_M_ATV;V;-1;1000000;;
Автомобили | Cars;CrSk_GAZ_Tigr_M_Black;V;-1;800000;;
Автомобили | Cars;CrSk_GAZ_Tigr_M_Camo;V;-1;700000;;
Автомобили | Cars;CrSk_GAZ_Tigr_M;V;-1;700000;;
Автомобили | Cars;Gerph_Zil130;V;350000;100000;;
Автомобили | Cars;CrSk_Land_Rover_Defender_110_Green;V;-1;80000;;
Автомобили | Cars;CrSk_Land_Rover_Defender_110_UN;V;-1;80000;;
Автомобили | Cars;CrSk_Land_Rover_Defender_110_Red;V;-1;80000;;
Автомобили | Cars;CrSk_Land_Rover_Defender_110;V;-1;80000;;
Автомобили | Cars;Truck_01_Covered;V;-1;80000;;
Автомобили | Cars;Truck_01_Covered_Blue;V;-1;80000;;
Автомобили | Cars;Truck_01_Covered_Orange;V;-1;80000;;
Автомобили | Cars;Hatchback_02_Black;V;140000;45000;;
Автомобили | Cars;Hatchback_02_Blue;V;140000;45000;;
Автомобили | Cars;Hatchback_02;V;140000;45000;;
Автомобили | Cars;OffroadHatchback;V;120000;40000;;
Автомобили | Cars;OffroadHatchback_Blue;V;120000;40000;;
Автомобили | Cars;OffroadHatchback_White;V;120000;40000;;
Автомобили | Cars;Sedan_02;V;100000;35000;;
Автомобили | Cars;Sedan_02_Red;V;100000;35000;;
Автомобили | Cars;Sedan_02_Grey;V;100000;35000;;
Автомобили | Cars;CivilianSedan_Black;V;80000;30000;;
Автомобили | Cars;CivilianSedan_Wine;V;80000;30000;;
Автомобили | Cars;CivilianSedan;V;80000;30000;;
Автомобили | Cars;VehicleKeyDuplicate;K;15000;-1;;
Запчасти и инструменты | Parts & Tools;CanisterGasoline;*;7500;3750;Канистра;
Запчасти и инструменты | Parts & Tools;PipeWrench;*;5000;2500;;
Запчасти и инструменты | Parts & Tools;CarRadiator;*;1500;750;Радиатор;
Запчасти и инструменты | Parts & Tools;TruckBattery;*;1500;750;Акумулятор;
Запчасти и инструменты | Parts & Tools;CarBattery;*;1000;500;Акумулятор;
Запчасти и инструменты | Parts & Tools;SparkPlug;*;800;400;Свеча;
Запчасти и инструменты | Parts & Tools;HeadlightH7_Box;*;250;125;Автомобильная лампа;
Запчасти и инструменты | Parts & Tools;Wrench;*;500;250;Гаечный ключ;
Запчасти и инструменты | Parts & Tools;TireRepairKit;*;500;250;Набор для ремонта шин;
Запчасти и инструменты | Parts & Tools;EngineOil;*;250;125;Моторное масло;
Запчасти и инструменты | Parts & Tools;BatteryCharger;*;2500;1250;Зарядное устройство для аккумуляторов;
Колеса | Wheels;Zil130Wheel;*;5000;1000;;
Колеса | Wheels;Zil130WheelRear;*;5000;1000;;
Колеса | Wheels;Truck_01_WheelDouble;*;2000;1000;;
Колеса | Wheels;Truck_01_Wheel;*;1000;500;;
Колеса | Wheels;Hatchback_02_Wheel;*;500;250;;
Колеса | Wheels;HatchbackWheel;*;500;250;;
Колеса | Wheels;Sedan_02_Wheel;*;500;250;;
Колеса | Wheels;CivSedanWheel;*;500;250;;
Съемные детали Gunter 2 | Removable parts Gunter 2;Hatchback_02_Hood_Black;*;1000;500;;
Съемные детали Gunter 2 | Removable parts Gunter 2;Hatchback_02_Trunk_Black;*;1000;500;;
Съемные детали Gunter 2 | Removable parts Gunter 2;Hatchback_02_Door_1_1_Black;*;1000;500;;
Съемные детали Gunter 2 | Removable parts Gunter 2;Hatchback_02_Door_1_2_Black;*;1000;500;;
Съемные детали Gunter 2 | Removable parts Gunter 2;Hatchback_02_Door_2_1_Black;*;1000;500;;
Съемные детали Gunter 2 | Removable parts Gunter 2;Hatchback_02_Door_2_2_Black;*;1000;500;;
Съемные детали Gunter 2 | Removable parts Gunter 2;Hatchback_02_Hood_BlackRust;*;500;250;;
Съемные детали Gunter 2 | Removable parts Gunter 2;Hatchback_02_Trunk_BlackRust;*;500;250;;
Съемные детали Gunter 2 | Removable parts Gunter 2;Hatchback_02_Door_1_1_BlackRust;*;500;250;;
Съемные детали Gunter 2 | Removable parts Gunter 2;Hatchback_02_Door_1_2_BlackRust;*;500;250;;
Съемные детали Gunter 2 | Removable parts Gunter 2;Hatchback_02_Door_2_1_BlackRust;*;500;250;;
Съемные детали Gunter 2 | Removable parts Gunter 2;Hatchback_02_Door_2_2_BlackRust;*;500;250;;
Съемные детали Gunter 2 | Removable parts Gunter 2;Hatchback_02_Hood_Blue;*;1000;500;;
Съемные детали Gunter 2 | Removable parts Gunter 2;Hatchback_02_Trunk_Blue;*;1000;500;;
Съемные детали Gunter 2 | Removable parts Gunter 2;Hatchback_02_Door_1_1_Blue;*;1000;500;;
Съемные детали Gunter 2 | Removable parts Gunter 2;Hatchback_02_Door_1_2_Blue;*;1000;500;;
Съемные детали Gunter 2 | Removable parts Gunter 2;Hatchback_02_Door_2_1_Blue;*;1000;500;;
Съемные детали Gunter 2 | Removable parts Gunter 2;Hatchback_02_Door_2_2_Blue;*;1000;500;;
Съемные детали Gunter 2 | Removable parts Gunter 2;Hatchback_02_Hood_BlueRust;*;500;250;;
Съемные детали Gunter 2 | Removable parts Gunter 2;Hatchback_02_Trunk_BlueRust;*;500;250;;
Съемные детали Gunter 2 | Removable parts Gunter 2;Hatchback_02_Door_1_1_BlueRust;*;500;250;;
Съемные детали Gunter 2 | Removable parts Gunter 2;Hatchback_02_Door_1_2_BlueRust;*;500;250;;
Съемные детали Gunter 2 | Removable parts Gunter 2;Hatchback_02_Door_2_1_BlueRust;*;500;250;;
Съемные детали Gunter 2 | Removable parts Gunter 2;Hatchback_02_Door_2_2_BlueRust;*;500;250;;
Съемные детали Gunter 2 | Removable parts Gunter 2;Hatchback_02_Hood;*;1000;500;;
Съемные детали Gunter 2 | Removable parts Gunter 2;Hatchback_02_Trunk;*;1000;500;;
Съемные детали Gunter 2 | Removable parts Gunter 2;Hatchback_02_Door_1_1;*;1000;500;;
Съемные детали Gunter 2 | Removable parts Gunter 2;Hatchback_02_Door_1_2;*;1000;500;;
Съемные детали Gunter 2 | Removable parts Gunter 2;Hatchback_02_Door_2_1;*;1000;500;;
Съемные детали Gunter 2 | Removable parts Gunter 2;Hatchback_02_Door_2_2;*;1000;500;;
Съемные детали Gunter 2 | Removable parts Gunter 2;Hatchback_02_Hood_RedRust;*;500;250;;
Съемные детали Gunter 2 | Removable parts Gunter 2;Hatchback_02_Trunk_RedRust;*;500;250;;
Съемные детали Gunter 2 | Removable parts Gunter 2;Hatchback_02_Door_1_1_RedRust;*;500;250;;
Съемные детали Gunter 2 | Removable parts Gunter 2;Hatchback_02_Door_1_2_RedRust;*;500;250;;
Съемные детали Gunter 2 | Removable parts Gunter 2;Hatchback_02_Door_2_1_RedRust;*;500;250;;
Съемные детали Gunter 2 | Removable parts Gunter 2;Hatchback_02_Door_2_2_RedRust;*;500;250;;
Съемные детали Ada 4x4 | Removable parts Ada 4x4;HatchbackHood;*;1000;500;;
Съемные детали Ada 4x4 | Removable parts Ada 4x4;HatchbackTrunk;*;1000;500;;
Съемные детали Ada 4x4 | Removable parts Ada 4x4;HatchbackDoors_Driver;*;1000;500;;
Съемные детали Ada 4x4 | Removable parts Ada 4x4;HatchbackDoors_CoDriver;*;1000;500;;
Съемные детали Ada 4x4 | Removable parts Ada 4x4;HatchbackHood_GreenRust;*;500;250;;
Съемные детали Ada 4x4 | Removable parts Ada 4x4;HatchbackTrunk_GreenRust;*;500;250;;
Съемные детали Ada 4x4 | Removable parts Ada 4x4;HatchbackDoors_Driver_GreenRust;*;500;250;;
Съемные детали Ada 4x4 | Removable parts Ada 4x4;HatchbackDoors_CoDriver_GreenRust;*;500;250;;
Съемные детали Ada 4x4 | Removable parts Ada 4x4;HatchbackHood_Blue;*;1000;500;;
Съемные детали Ada 4x4 | Removable parts Ada 4x4;HatchbackTrunk_Blue;*;1000;500;;
Съемные детали Ada 4x4 | Removable parts Ada 4x4;HatchbackDoors_Driver_Blue;*;1000;500;;
Съемные детали Ada 4x4 | Removable parts Ada 4x4;HatchbackDoors_CoDriver_Blue;*;1000;500;;
Съемные детали Ada 4x4 | Removable parts Ada 4x4;HatchbackHood_BlueRust;*;500;250;;
Съемные детали Ada 4x4 | Removable parts Ada 4x4;HatchbackTrunk_BlueRust;*;500;250;;
Съемные детали Ada 4x4 | Removable parts Ada 4x4;HatchbackDoors_Driver_BlueRust;*;500;250;;
Съемные детали Ada 4x4 | Removable parts Ada 4x4;HatchbackDoors_CoDriver_BlueRust;*;500;250;;
Съемные детали Ada 4x4 | Removable parts Ada 4x4;HatchbackHood_White;*;1000;500;;
Съемные детали Ada 4x4 | Removable parts Ada 4x4;HatchbackTrunk_White;*;1000;500;;
Съемные детали Ada 4x4 | Removable parts Ada 4x4;HatchbackDoors_Driver_White;*;1000;500;;
Съемные детали Ada 4x4 | Removable parts Ada 4x4;HatchbackDoors_CoDriver_White;*;1000;500;;
Съемные детали Ada 4x4 | Removable parts Ada 4x4;HatchbackHood_WhiteRust;*;500;250;;
Съемные детали Ada 4x4 | Removable parts Ada 4x4;HatchbackTrunk_WhiteRust;*;500;250;;
Съемные детали Ada 4x4 | Removable parts Ada 4x4;HatchbackDoors_Driver_WhiteRust;*;500;250;;
Съемные детали Ada 4x4 | Removable parts Ada 4x4;HatchbackDoors_CoDriver_WhiteRust;*;500;250;;
Съемные детали Sarka 120 | Removable parts Sarka 120;Sedan_02_Hood;*;1000;500;;
Съемные детали Sarka 120 | Removable parts Sarka 120;Sedan_02_Trunk;*;1000;500;;
Съемные детали Sarka 120 | Removable parts Sarka 120;Sedan_02_Door_1_1;*;1000;500;;
Съемные детали Sarka 120 | Removable parts Sarka 120;Sedan_02_Door_1_2;*;1000;500;;
Съемные детали Sarka 120 | Removable parts Sarka 120;Sedan_02_Door_2_1;*;1000;500;;
Съемные детали Sarka 120 | Removable parts Sarka 120;Sedan_02_Door_2_2;*;1000;500;;
Съемные детали Sarka 120 | Removable parts Sarka 120;Sedan_02_Hood_YellowRust;*;500;250;;
Съемные детали Sarka 120 | Removable parts Sarka 120;Sedan_02_Trunk_YellowRust;*;500;250;;
Съемные детали Sarka 120 | Removable parts Sarka 120;Sedan_02_Door_1_1_YellowRust;*;500;250;;
Съемные детали Sarka 120 | Removable parts Sarka 120;Sedan_02_Door_1_2_YellowRust;*;500;250;;
Съемные детали Sarka 120 | Removable parts Sarka 120;Sedan_02_Door_2_1_YellowRust;*;500;250;;
Съемные детали Sarka 120 | Removable parts Sarka 120;Sedan_02_Door_2_2_YellowRust;*;500;250;;
Съемные детали Sarka 120 | Removable parts Sarka 120;Sedan_02_Hood_Red;*;1000;500;;
Съемные детали Sarka 120 | Removable parts Sarka 120;Sedan_02_Trunk_Red;*;1000;500;;
Съемные детали Sarka 120 | Removable parts Sarka 120;Sedan_02_Door_1_1_Red;*;1000;500;;
Съемные детали Sarka 120 | Removable parts Sarka 120;Sedan_02_Door_1_2_Red;*;1000;500;;
Съемные детали Sarka 120 | Removable parts Sarka 120;Sedan_02_Door_2_1_Red;*;1000;500;;
Съемные детали Sarka 120 | Removable parts Sarka 120;Sedan_02_Door_2_2_Red;*;1000;500;;
Съемные детали Sarka 120 | Removable parts Sarka 120;Sedan_02_Hood_RedRust;*;500;250;;
Съемные детали Sarka 120 | Removable parts Sarka 120;Sedan_02_Trunk_RedRust;*;500;250;;
Съемные детали Sarka 120 | Removable parts Sarka 120;Sedan_02_Door_1_1_RedRust;*;500;250;;
Съемные детали Sarka 120 | Removable parts Sarka 120;Sedan_02_Door_1_2_RedRust;*;500;250;;
Съемные детали Sarka 120 | Removable parts Sarka 120;Sedan_02_Door_2_1_RedRust;*;500;250;;
Съемные детали Sarka 120 | Removable parts Sarka 120;Sedan_02_Door_2_2_RedRust;*;500;250;;
Съемные детали Sarka 120 | Removable parts Sarka 120;Sedan_02_Hood_Grey;*;1000;500;;
Съемные детали Sarka 120 | Removable parts Sarka 120;Sedan_02_Trunk_Grey;*;1000;500;;
Съемные детали Sarka 120 | Removable parts Sarka 120;Sedan_02_Door_1_1_Grey;*;1000;500;;
Съемные детали Sarka 120 | Removable parts Sarka 120;Sedan_02_Door_1_2_Grey;*;1000;500;;
Съемные детали Sarka 120 | Removable parts Sarka 120;Sedan_02_Door_2_1_Grey;*;1000;500;;
Съемные детали Sarka 120 | Removable parts Sarka 120;Sedan_02_Door_2_2_Grey;*;1000;500;;
Съемные детали Sarka 120 | Removable parts Sarka 120;Sedan_02_Hood_GreyRust;*;500;250;;
Съемные детали Sarka 120 | Removable parts Sarka 120;Sedan_02_Trunk_GreyRust;*;500;250;;
Съемные детали Sarka 120 | Removable parts Sarka 120;Sedan_02_Door_1_1_GreyRust;*;500;250;;
Съемные детали Sarka 120 | Removable parts Sarka 120;Sedan_02_Door_1_2_GreyRust;*;500;250;;
Съемные детали Sarka 120 | Removable parts Sarka 120;Sedan_02_Door_2_1_GreyRust;*;500;250;;
Съемные детали Sarka 120 | Removable parts Sarka 120;Sedan_02_Door_2_2_GreyRust;*;500;250;;
Съемные детали Olga 24 | Removable parts Olga 24;CivSedanHood_Black;*;1000;500;;
Съемные детали Olga 24 | Removable parts Olga 24;CivSedanTrunk_Black;*;1000;500;;
Съемные детали Olga 24 | Removable parts Olga 24;CivSedanDoors_Driver_Black;*;1000;500;;
Съемные детали Olga 24 | Removable parts Olga 24;CivSedanDoors_CoDriver_Black;*;1000;500;;
Съемные детали Olga 24 | Removable parts Olga 24;CivSedanDoors_BackLeft_Black;*;1000;500;;
Съемные детали Olga 24 | Removable parts Olga 24;CivSedanDoors_BackRight_Black;*;1000;500;;
Съемные детали Olga 24 | Removable parts Olga 24;CivSedanHood_BlackRust;*;500;250;;
Съемные детали Olga 24 | Removable parts Olga 24;CivSedanTrunk_BlackRust;*;500;250;;
Съемные детали Olga 24 | Removable parts Olga 24;CivSedanDoors_Driver_BlackRust;*;500;250;;
Съемные детали Olga 24 | Removable parts Olga 24;CivSedanDoors_CoDriver_BlackRust;*;500;250;;
Съемные детали Olga 24 | Removable parts Olga 24;CivSedanDoors_BackLeft_BlackRust;*;500;250;;
Съемные детали Olga 24 | Removable parts Olga 24;CivSedanDoors_BackRight_BlackRust;*;500;250;;
Съемные детали Olga 24 | Removable parts Olga 24;CivSedanHood_Wine;*;1000;500;;
Съемные детали Olga 24 | Removable parts Olga 24;CivSedanTrunk_Wine;*;1000;500;;
Съемные детали Olga 24 | Removable parts Olga 24;CivSedanDoors_Driver_Wine;*;1000;500;;
Съемные детали Olga 24 | Removable parts Olga 24;CivSedanDoors_CoDriver_Wine;*;1000;500;;
Съемные детали Olga 24 | Removable parts Olga 24;CivSedanDoors_BackLeft_Wine;*;1000;500;;
Съемные детали Olga 24 | Removable parts Olga 24;CivSedanDoors_BackRight_Wine;*;1000;500;;
Съемные детали Olga 24 | Removable parts Olga 24;CivSedanHood_WineRust;*;500;250;;
Съемные детали Olga 24 | Removable parts Olga 24;CivSedanTrunk_WineRust;*;500;250;;
Съемные детали Olga 24 | Removable parts Olga 24;CivSedanDoors_Driver_WineRust;*;500;250;;
Съемные детали Olga 24 | Removable parts Olga 24;CivSedanDoors_CoDriver_WineRust;*;500;250;;
Съемные детали Olga 24 | Removable parts Olga 24;CivSedanDoors_BackLeft_WineRust;*;500;250;;
Съемные детали Olga 24 | Removable parts Olga 24;CivSedanDoors_BackRight_WineRust;*;500;250;;
Съемные детали Olga 24 | Removable parts Olga 24;CivSedanHood_White;*;1000;500;;
Съемные детали Olga 24 | Removable parts Olga 24;CivSedanTrunk;*;1000;500;;
Съемные детали Olga 24 | Removable parts Olga 24;CivSedanDoors_Driver;*;1000;500;;
Съемные детали Olga 24 | Removable parts Olga 24;CivSedanDoors_CoDriver;*;1000;500;;
Съемные детали Olga 24 | Removable parts Olga 24;CivSedanDoors_BackLeft;*;1000;500;;
Съемные детали Olga 24 | Removable parts Olga 24;CivSedanDoors_BackRight;*;1000;500;;
Съемные детали Olga 24 | Removable parts Olga 24;CivSedanHood_WhiteRust;*;500;250;;
Съемные детали Olga 24 | Removable parts Olga 24;CivSedanTrunk_WhiteRust;*;500;250;;
Съемные детали Olga 24 | Removable parts Olga 24;CivSedanDoors_Driver_WhiteRust;*;500;250;;
Съемные детали Olga 24 | Removable parts Olga 24;CivSedanDoors_CoDriver_WhiteRust;*;500;250;;
Съемные детали Olga 24 | Removable parts Olga 24;CivSedanDoors_BackLeft_WhiteRust;*;500;250;;
Съемные детали Olga 24 | Removable parts Olga 24;CivSedanDoors_BackRight_WhiteRust;*;500;250;;
Съемные детали ZIL-130 | Removable parts ZIL-130;Zil130Doors_Driver;*;5000;2500;;
Съемные детали ZIL-130 | Removable parts ZIL-130;Zil130Doors_CoDriver;*;5000;2500;;
Съемные детали ZIL-130 | Removable parts ZIL-130;Zil130_Hood;*;5000;2500;;
Съемные детали ZIL-130 | Removable parts ZIL-130;Zil130_Tailgate;*;5000;2500;;
MVS - OD;MVS_WarriorHelmet_OD;*;3000;1500;;
MVS - OD;MVS_Altyn_OD;*;1800;900;;
MVS - OD;MVS_Altyn_Visor_OD;*;300;150;;
MVS - OD;MVS_Altyn_Visor_Lifted_OD;*;300;150;;
MVS - OD;MVS_ArmoredHelmet_OD;*;1500;750;;
MVS - OD;MVS_OpsCore_OD;*;1300;650;;
MVS - OD;MVS_6B47_Helmet_OD;*;1200;600;;
MVS - OD;MVS_Helmet_01_OD;*;1000;500;;
MVS - OD;MVS_Cap_OD;*;500;200;;
MVS - OD;MVS_S10Respirator_OD;*;7500;3750;;
MVS - OD;MVS_PMK2Respirator_OD;*;7500;3750;;
MVS - OD;MVS_M50Respirator_OD;*;7500;3750;;
MVS - OD;MVS_Comtacs_OD;*;500;200;;
MVS - OD;MVS_Balaclava_OD;*;400;100;;
MVS - OD;MVS_Combat_Vest_Heavy_OD;*;25000;7500;;
MVS - OD;MVS_Combat_Vest_OD;*;3000;800;;
MVS - OD;MVS_ChestRig_OD;*;1000;500;;
MVS - OD;MVS_Belt_OD;*;1500;800;;
MVS - OD;MVS_Heavy_Pouch_OD;*;1200;700;;
MVS - OD;MVS_Taco_Pouch_OD;*;1000;550;;
MVS - OD;MVS_Magazine_Pouch_OD;*;900;500;;
MVS - OD;MVS_Admin_Pouch_OD;*;700;400;;
MVS - OD;MVS_Medical_Pouch_OD;*;600;350;;
MVS - OD;MVS_Molle_Panel_OD;*;500;300;;
MVS - OD;MVS_Utility_Pouch_OD;*;400;250;;
MVS - OD;MVS_Sheath_OD;*;300;200;;
MVS - OD;MVS_Holster_OD;*;300;200;;
MVS - OD;MVS_CombatShirt_OD;*;650;250;;
MVS - OD;MVS_CombatPants_OD;*;650;250;;
MVS - OD;MVS_Rucksack_OD;*;15000;7500;;
MVS - OD;MVS_Assault_Pack_OD;*;12000;6000;;
MVS - OD;MVS_Pack_OD;*;12000;6000;;
MVS - OD;MVS_Compact_1_OD;*;8000;4000;;
MVS - OD;MVS_Compact_2_OD;*;8000;4000;;
MVS - OD;MVS_Canteen_OD;*;800;200;;
MVS - ERDL;MVS_WarriorHelmet_ERDL;*;3000;1500;;
MVS - ERDL;MVS_ArmoredHelmet_ERDL;*;1500;750;;
MVS - ERDL;MVS_OpsCore_ERDL;*;1300;650;;
MVS - ERDL;MVS_Helmet_01_ERDL;*;1000;500;;
MVS - ERDL;MVS_BoonieHat;*;550;225;;
MVS - ERDL;MVS_Cap_ERDL;*;500;200;;
MVS - ERDL;MVS_S10Respirator_OD;*;7500;3750;;
MVS - ERDL;MVS_Comtacs_OD;*;500;200;;
MVS - ERDL;MVS_Balaclava_OD;*;400;100;;
MVS - ERDL;MVS_Combat_Vest_Heavy_ERDL;*;25000;7500;;
MVS - ERDL;MVS_Combat_Vest_ERDL;*;3000;800;;
MVS - ERDL;MVS_ChestRig_ERDL;*;1000;500;;
MVS - ERDL;MVS_Belt_ERDL;*;1500;800;;
MVS - ERDL;MVS_Heavy_Pouch_ERDL;*;1200;700;;
MVS - ERDL;MVS_Taco_Pouch_ERDL;*;1000;550;;
MVS - ERDL;MVS_Magazine_Pouch_ERDL;*;900;500;;
MVS - ERDL;MVS_Admin_Pouch_ERDL;*;700;400;;
MVS - ERDL;MVS_Medical_Pouch_ERDL;*;600;350;;
MVS - ERDL;MVS_Molle_Panel_ERDL;*;500;300;;
MVS - ERDL;MVS_Utility_Pouch_ERDL;*;400;250;;
MVS - ERDL;MVS_Sheath_ERDL;*;300;200;;
MVS - ERDL;MVS_Holster_ERDL;*;300;200;;
MVS - ERDL;MVS_GorkaJacket;*;700;300;;
MVS - ERDL;MVS_GorkaPants;*;700;300;;
MVS - ERDL;MVS_CombatShirt_ERDL;*;650;250;;
MVS - ERDL;MVS_CombatPants_ERDL;*;650;250;;
MVS - ERDL;MVS_Shirt_BDU;*;500;200;;
MVS - ERDL;MVS_Pants_BDU;*;500;200;;
MVS - ERDL;MVS_Rucksack_ERDL;*;15000;7500;;
MVS - ERDL;MVS_Assault_Pack_ERDL;*;12000;6000;;
MVS - ERDL;MVS_Pack_ERDL;*;12000;6000;;
MVS - ERDL;MVS_Compact_1_ERDL;*;8000;4000;;
MVS - ERDL;MVS_Compact_2_ERDL;*;8000;4000;;
MVS - ERDL;MVS_Canteen_ERDL;*;800;200;;
MVS - Multicam Tropic;MVS_WarriorHelmet_Multicam_Tropic;*;3000;1500;;
MVS - Multicam Tropic;MVS_ArmoredHelmet_Multicam_Tropic;*;1500;750;;
MVS - Multicam Tropic;MVS_OpsCore_Multicam_Tropic;*;1300;650;;
MVS - Multicam Tropic;MVS_Helmet_01_Multicam_Tropic;*;1000;500;;
MVS - Multicam Tropic;MVS_BoonieHat_Multicam_Tropic;*;550;225;;
MVS - Multicam Tropic;MVS_Cap_Multicam_Tropic;*;500;200;;
MVS - Multicam Tropic;MVS_S10Respirator_OD;*;7500;3750;;
MVS - Multicam Tropic;MVS_Comtacs_OD;*;500;200;;
MVS - Multicam Tropic;MVS_Balaclava_OD;*;400;100;;
MVS - Multicam Tropic;MVS_Combat_Vest_Heavy_Multicam_Tropic;*;25000;7500;;
MVS - Multicam Tropic;MVS_Combat_Vest_Multicam_Tropic;*;3000;800;;
MVS - Multicam Tropic;MVS_ChestRig_Multicam_Tropic;*;1000;500;;
MVS - Multicam Tropic;MVS_Belt_Multicam_Tropic;*;1500;800;;
MVS - Multicam Tropic;MVS_Heavy_Pouch_Multicam_Tropic;*;1200;700;;
MVS - Multicam Tropic;MVS_Taco_Pouch_Multicam_Tropic;*;1000;550;;
MVS - Multicam Tropic;MVS_Magazine_Pouch_Multicam_Tropic;*;900;500;;
MVS - Multicam Tropic;MVS_Admin_Pouch_Multicam_Tropic;*;700;400;;
MVS - Multicam Tropic;MVS_Medical_Pouch_Multicam_Tropic;*;600;350;;
MVS - Multicam Tropic;MVS_Molle_Panel_Multicam_Tropic;*;500;300;;
MVS - Multicam Tropic;MVS_Utility_Pouch_Multicam_Tropic;*;400;250;;
MVS - Multicam Tropic;MVS_Sheath_Multicam_Tropic;*;300;200;;
MVS - Multicam Tropic;MVS_Holster_Multicam_Tropic;*;300;200;;
MVS - Multicam Tropic;MVS_GorkaJacket_Multicam_Tropic;*;700;300;;
MVS - Multicam Tropic;MVS_GorkaPants_Multicam_Tropic;*;700;300;;
MVS - Multicam Tropic;MVS_CombatShirt_Multicam_Tropic;*;650;250;;
MVS - Multicam Tropic;MVS_CombatPants_Multicam_Tropic;*;650;250;;
MVS - Multicam Tropic;MVS_Shirt_BDU_Multicam_Tropic;*;500;200;;
MVS - Multicam Tropic;MVS_Rucksack_Multicam_Tropic;*;15000;7500;;
MVS - Multicam Tropic;MVS_Assault_Pack_Multicam_Tropic;*;12000;6000;;
MVS - Multicam Tropic;MVS_Pack_Multicam_Tropic;*;12000;6000;;
MVS - Multicam Tropic;MVS_Compact_1_Multicam_Tropic;*;8000;4000;;
MVS - Multicam Tropic;MVS_Compact_2_Multicam_Tropic;*;8000;4000;;
MVS - Multicam Tropic;MVS_Canteen_Multicam_Tropic;*;800;200;;
MVS - Multicam Black;MVS_WarriorHelmet_Multicam_Black;*;3000;1500;;
MVS - Multicam Black;MVS_ArmoredHelmet_Multicam_Black;*;1500;750;;
MVS - Multicam Black;MVS_OpsCore_Multicam_Black;*;1300;650;;
MVS - Multicam Black;MVS_Helmet_01_Multicam_Black;*;1000;500;;
MVS - Multicam Black;MVS_BoonieHat_Multicam_Black;*;550;225;;
MVS - Multicam Black;MVS_Cap_Multicam_Black;*;500;200;;
MVS - Multicam Black;MVS_S10Respirator_Black;*;7000;3750;;
MVS - Multicam Black;MVS_Comtacs_Black;*;500;200;;
MVS - Multicam Black;MVS_Balaclava_Black;*;400;100;;
MVS - Multicam Black;MVS_Combat_Vest_Heavy_Multicam_Black;*;25000;7500;;
MVS - Multicam Black;MVS_Combat_Vest_Multicam_Black;*;3000;800;;
MVS - Multicam Black;MVS_ChestRig_Multicam_Black;*;1000;500;;
MVS - Multicam Black;MVS_Belt_Multicam_Black;*;1500;800;;
MVS - Multicam Black;MVS_Heavy_Pouch_Multicam_Black;*;1200;700;;
MVS - Multicam Black;MVS_Taco_Pouch_Multicam_Black;*;1000;550;;
MVS - Multicam Black;MVS_Magazine_Pouch_Multicam_Black;*;900;500;;
MVS - Multicam Black;MVS_Admin_Pouch_Multicam_Black;*;700;400;;
MVS - Multicam Black;MVS_Medical_Pouch_Multicam_Black;*;600;350;;
MVS - Multicam Black;MVS_Molle_Panel_Multicam_Black;*;500;300;;
MVS - Multicam Black;MVS_Utility_Pouch_Multicam_Black;*;400;250;;
MVS - Multicam Black;MVS_Sheath_Multicam_Black;*;300;200;;
MVS - Multicam Black;MVS_Holster_Multicam_Black;*;300;200;;
MVS - Multicam Black;MVS_GorkaJacket_Multicam_Black;*;700;300;;
MVS - Multicam Black;MVS_GorkaPants_Multicam_Black;*;700;300;;
MVS - Multicam Black;MVS_CombatShirt_Multicam_Black;*;650;250;;
MVS - Multicam Black;MVS_CombatPants_Multicam_Black;*;650;250;;
MVS - Multicam Black;MVS_Shirt_BDU_Multicam_Black;*;500;200;;
MVS - Multicam Black;MVS_Rucksack_Multicam_Black;*;15000;7500;;
MVS - Multicam Black;MVS_Assault_Pack_Multicam_Black;*;12000;6000;;
MVS - Multicam Black;MVS_Pack_Multicam_Black;*;12000;6000;;
MVS - Multicam Black;MVS_Compact_1_Multicam_Black;*;8000;4000;;
MVS - Multicam Black;MVS_Compact_2_Multicam_Black;*;8000;4000;;
MVS - Multicam Black;MVS_Canteen_Multicam_Black;*;800;200;;
MVS - Black;MVS_WarriorHelmet_Black;*;3000;1500;;
MVS - Black;MVS_Altyn_Black;*;1800;900;;
MVS - Black;MVS_Altyn_Visor_Black;*;300;150;;
MVS - Black;MVS_Altyn_Visor_Lifted_Black;*;300;150;;
MVS - Black;MVS_ArmoredHelmet_Black;*;1500;750;;
MVS - Black;MVS_OpsCore_Black;*;1300;650;;
MVS - Black;MVS_6B47_Helmet_Black;*;1200;600;;
MVS - Black;MVS_Helmet_01_Black;*;1000;500;;
MVS - Black;MVS_Cap_Black;*;500;200;;
MVS - Black;MVS_S10Respirator_FS;*;8000;4000;;
MVS - Black;MVS_S10Respirator_Black;*;7500;3750;;
MVS - Black;MVS_PMK2Respirator_Black;*;7500;3750;;
MVS - Black;MVS_M50Respirator_Black;*;7500;3750;;
MVS - Black;MVS_Balaclava_Black;*;300;75;;
MVS - Black;MVS_Combat_Vest_Heavy_Black;*;25000;7500;;
MVS - Black;MVS_Combat_Vest_Black;*;3000;800;;
MVS - Black;MVS_ChestRig_Black;*;1000;500;;
MVS - Black;MVS_Belt_Black;*;1500;800;;
MVS - Black;MVS_Heavy_Pouch_Black;*;1200;700;;
MVS - Black;MVS_Taco_Pouch_Black;*;1000;550;;
MVS - Black;MVS_Magazine_Pouch_Black;*;900;500;;
MVS - Black;MVS_Admin_Pouch_Black;*;700;400;;
MVS - Black;MVS_Medical_Pouch_Black;*;600;350;;
MVS - Black;MVS_Molle_Panel_Black;*;500;300;;
MVS - Black;MVS_Utility_Pouch_Black;*;400;250;;
MVS - Black;MVS_Sheath_Black;*;300;200;;
MVS - Black;MVS_Holster_Black;*;300;200;;
MVS - Black;MVS_CombatShirt_Black;*;650;250;;
MVS - Black;MVS_CombatPants_Black;*;650;250;;
MVS - Black;MVS_Rucksack_Black;*;15000;7500;;
MVS - Black;MVS_Assault_Pack_Black;*;12000;6000;;
MVS - Black;MVS_Pack_Black;*;12000;6000;;
MVS - Black;MVS_Compact_1_Black;*;8000;4000;;
MVS - Black;MVS_Compact_2_Black;*;8000;4000;;
MVS - Black;MVS_Canteen_Black;*;800;200;;
MVS - Tan;MVS_WarriorHelmet_Tan;*;3000;1500;;
MVS - Tan;MVS_Altyn_Tan;*;1800;900;;
MVS - Tan;MVS_Altyn_Visor_Tan;*;300;150;;
MVS - Tan;MVS_Altyn_Visor_Lifted_Tan;*;300;150;;
MVS - Tan;MVS_ArmoredHelmet_Tan;*;1500;750;;
MVS - Tan;MVS_OpsCore_Tan;*;1300;650;;
MVS - Tan;MVS_6B47_Helmet_Tan;*;1200;600;;
MVS - Tan;MVS_Helmet_01_Tan;*;1000;500;;
MVS - Tan;MVS_Cap_Tan;*;500;200;;
MVS - Tan;MVS_S10Respirator_Tan;*;7500;3750;;
MVS - Tan;MVS_PMK2Respirator_Tan;*;7500;3750;;
MVS - Tan;MVS_M50Respirator_Tan;*;7500;3750;;
MVS - Tan;MVS_Comtacs_Tan;*;500;200;;
MVS - Tan;MVS_Balaclava_Tan;*;400;100;;
MVS - Tan;MVS_Combat_Vest_Heavy_Tan;*;25000;7500;;
MVS - Tan;MVS_Combat_Vest_Tan;*;3000;800;;
MVS - Tan;MVS_ChestRig_Tan;*;1000;500;;
MVS - Tan;MVS_Belt_Tan;*;1500;800;;
MVS - Tan;MVS_Heavy_Pouch_Tan;*;1200;700;;
MVS - Tan;MVS_Taco_Pouch_Tan;*;1000;550;;
MVS - Tan;MVS_Magazine_Pouch_Tan;*;900;500;;
MVS - Tan;MVS_Admin_Pouch_Tan;*;700;400;;
MVS - Tan;MVS_Medical_Pouch_Tan;*;600;350;;
MVS - Tan;MVS_Molle_Panel_Tan;*;500;300;;
MVS - Tan;MVS_Utility_Pouch_Tan;*;400;250;;
MVS - Tan;MVS_Sheath_Tan;*;300;200;;
MVS - Tan;MVS_Holster_Tan;*;300;200;;
MVS - Tan;MVS_CombatShirt_Tan;*;650;250;;
MVS - Tan;MVS_CombatPants_Tan;*;650;250;;
MVS - Tan;MVS_Rucksack_Tan;*;15000;7500;;
MVS - Tan;MVS_Assault_Pack_Tan;*;12000;6000;;
MVS - Tan;MVS_Pack_Tan;*;12000;6000;;
MVS - Tan;MVS_Compact_1_Tan;*;8000;4000;;
MVS - Tan;MVS_Compact_2_Tan;*;8000;4000;;
MVS - Tan;MVS_Canteen_Tan;*;800;200;;
Black;BalaclavaMask_Black;*;200;50;;
Black;BalaclavaMask_Blackskull;*;200;50;;
Black;MassHeavyPlateVest_Black;*;25000;10000;;
Black;HighCapacityVest_Black;*;700;300;;
Black;M65Jacket_Black;*;400;150;;
Black;CargoPants_Black;*;400;150;;
Нашивки | Patch - MVS;MVS_CountryFlag_Russia;*;250;125;;
Нашивки | Patch - MVS;MVS_CountryFlag_Ukraine;*;250;125;;
Нашивки | Patch - MVS;MVS_CountryFlag_Belarus;*;250;125;;
Нашивки | Patch - MVS;MVS_CountryFlag_Kazakhstan;*;250;125;;
Нашивки | Patch - MVS;MVS_CountryFlag_Moldova;*;250;125;;
Нашивки | Patch - MVS;MVS_CountryFlag_Croatia;*;250;125;;
Нашивки | Patch - MVS;MVS_CountryFlag_Czech;*;250;125;;
Нашивки | Patch - MVS;MVS_CountryFlag_Bulgaria;*;250;125;;
Нашивки | Patch - MVS;MVS_CountryFlag_Poland;*;250;125;;
Нашивки | Patch - MVS;MVS_CountryFlag_USSR;*;250;125;;
Нашивки | Patch - MVS;MVS_CountryFlag_Belgium;*;250;125;;
Нашивки | Patch - MVS;MVS_CountryFlag_Brazil;*;250;125;;
Нашивки | Patch - MVS;MVS_CountryFlag_Denmark;*;250;125;;
Нашивки | Patch - MVS;MVS_CountryFlag_Finland;*;250;125;;
Нашивки | Patch - MVS;MVS_CountryFlag_France;*;250;125;;
Нашивки | Patch - MVS;MVS_CountryFlag_Germany;*;250;125;;
Нашивки | Patch - MVS;MVS_CountryFlag_Spain;*;250;125;;
Нашивки | Patch - MVS;MVS_CountryFlag_Sweden;*;250;125;;
Нашивки | Patch - MVS;MVS_CountryFlag_UnitedStates;*;250;125;;
Нашивки | Patch - MVS;MVS_Patch_07;*;250;125;USA color;
Нашивки | Patch - MVS;MVS_Patch_10;*;250;125;USA black;
Нашивки | Patch - MVS;MVS_CountryFlag_UnitedKingdom;*;250;125;;
Нашивки | Patch - MVS;MVS_Patch_08;*;250;125;UK color;
Нашивки | Patch - MVS;MVS_Patch_11;*;250;125;UK black;
Нашивки | Patch - MVS;MVS_CountryFlag_Australia;*;250;125;;
Нашивки | Patch - MVS;MVS_Patch_09;*;250;125;AUS color;
Нашивки | Patch - MVS;MVS_Patch_12;*;250;125;AUS black;
Нашивки | Patch - MVS;MVS_CountryFlag_Canada;*;250;125;;
Нашивки | Patch - MVS;MVS_Patch_21;*;250;125;CANADA color;
Нашивки | Patch - MVS;MVS_Patch_22;*;250;125;CANADA black;
Нашивки | Patch - MVS;MVS_Patch_31;*;250;125;ROMANIA;
Нашивки | Patch - MVS;MVS_Patch_32;*;250;125;SWEDEN;
Нашивки | Patch - MVS;MVS_Patch_28;*;250;125;UN;
Нашивки | Patch - MVS;MVS_Patch_29;*;250;125;Umbrella;
Нашивки | Patch - MVS;MVS_Patch_30;*;250;125;Umbrella;
Нашивки | Patch - MVS;MVS_Patch_33;*;250;125;Анархия;
Рыба и мясо | Fish & meat;BearSteakMeat;S;-1;1000;;
Рыба и мясо | Fish & meat;WolfSteakMeat;S;-1;500;;
Рыба и мясо | Fish & meat;RabbitLegMeat;S;-1;400;;
Рыба и мясо | Fish & meat;ChickenBreastMeat;S;-1;300;;
Рыба и мясо | Fish & meat;GoatSteakMeat;S;-1;300;;
Рыба и мясо | Fish & meat;SheepSteakMeat;S;-1;300;;
Рыба и мясо | Fish & meat;PigSteakMeat;S;-1;300;;
Рыба и мясо | Fish & meat;BoarSteakMeat;S;-1;300;;
Рыба и мясо | Fish & meat;DeerSteakMeat;S;-1;300;;
Рыба и мясо | Fish & meat;CowSteakMeat;S;-1;300;;
Рыба и мясо | Fish & meat;HumanSteakMeat;S;-1;150;;
Рыба и мясо | Fish & meat;Lard;S;-1;200;;
Рыба и мясо | Fish & meat;Carp;S;-1;500;;
Рыба и мясо | Fish & meat;Sardines;S;-1;450;;
Рыба и мясо | Fish & meat;Mackerel;S;-1;400;;
Рыба и мясо | Fish & meat;CarpFilletMeat;S;-1;300;;
Рыба и мясо | Fish & meat;MackerelFilletMeat;S;-1;250;;
Шкуры животных | Animal skins;BearPelt;*;-1;5000;;
Шкуры животных | Animal skins;WolfPelt;*;-1;2500;;
Шкуры животных | Animal skins;RabbitPelt;*;-1;1250;;
Шкуры животных | Animal skins;PigPelt;*;-1;750;;
Шкуры животных | Animal skins;WildboarPelt;*;-1;750;;
Шкуры животных | Animal skins;GoatPelt;*;-1;750;;
Шкуры животных | Animal skins;SheepPelt;*;-1;750;;
Шкуры животных | Animal skins;DeerPelt;*;-1;750;;
Шкуры животных | Animal skins;CowPelt;*;-1;750;;
Обязательно пригодится | Useful things;Vodka;*;500;-1;;
Обязательно пригодится | Useful things;Tripod;*;500;250;;
Обязательно пригодится | Useful things;FryingPan;*;500;250;Сковорода;
Обязательно пригодится | Useful things;Pot;*;250;125;;
Обязательно пригодится | Useful things;PetrolLighter;*;100;50;Зажигалка;
Обязательно пригодится | Useful things;Matchbox;*;50;25;Спички;
Обязательно пригодится | Useful things;ballgrill_mung;*;15000;7500;;
Обязательно пригодится | Useful things;oillamp_mung;*;1000;500;;
Обязательно пригодится | Useful things;PortableGasLamp;*;500;250;;
Обязательно пригодится | Useful things;PortableGasStove;*;500;250;;
Обязательно пригодится | Useful things;LargeGasCanister;*;1000;500;;
Обязательно пригодится | Useful things;MediumGasCanister;*;500;250;;
Обязательно пригодится | Useful things;SmallGasCanister;*;250;125;;
Обязательно пригодится | Useful things;LeatherKnifeSheath;*;400;200;;
Обязательно пригодится | Useful things;NylonKnifeSheath;*;250;125;;
Обязательно пригодится | Useful things;Heatpack;*;250;125;Химическая грелка;
Обязательно пригодится | Useful things;HuntingKnife;*;50;25;;
Обязательно пригодится | Useful things;CanOpener;*;50;25;Открывашка;
Обязательно пригодится | Useful things;Roadflare;*;50;25;;
Обязательно пригодится | Useful things;guitar_mung;*;1000;500;;
Обязательно пригодится | Useful things;BearTrap;*;2500;1000;;
Рыбалка | Fishing;FishingRod;*;5000;1000;;
Рыбалка | Fishing;Hook;*;250;-1;;
Рыбалка | Fishing;BoneHook;*;150;-1;;
Садоводство | Gardening;Msp_Greenhouse_Kit;*;30000;10000;;
Садоводство | Gardening;Msp_GreenhouseWood_Kit;*;25000;7500;;
Садоводство | Gardening;Msp_EmptyPlanterBox;*;15000;5000;;
Садоводство | Gardening;Msp_EmptySquarePlanterBox;*;5000;1500;;
Садоводство | Gardening;GardenLime;*;5000;1000;;
Садоводство | Gardening;TomatoSeedsPack;*;100;-1;;
Садоводство | Gardening;PepperSeedsPack;*;100;-1;;
Садоводство | Gardening;ZucchiniSeedsPack;*;100;-1;;
Садоводство | Gardening;PumpkinSeedsPack;*;100;-1;;
Расходные материалы | Materials;Paper;1;100;-1;;
Расходные материалы | Materials;Firewood;1;50;-1;;
Расходные материалы | Materials;LongWoodenStick;1;50;-1;;
Расходные материалы | Materials;WoodenStick;1;25;-1;;
Запрещенные товары | Prohibited items;Claymore_M18A1;*;-1;10000;;
Запрещенные товары | Prohibited items;Claymore_RD;*;-1;5000;;
Запрещенные товары | Prohibited items;GpsRC;*;5000;2500;;
Запрещенные товары | Prohibited items;Orden_regenerative_xv4004;S;-1;15000;;
Запрещенные товары | Prohibited items;Orden_regenerative_xv4003;S;-1;10000;;
Запрещенные товары | Prohibited items;Orden_regenerative_xv4002;S;10000;5000;;
Запрещенные товары | Prohibited items;Orden_regenerative_xv4001;S;5000;2000;;
Запрещенные товары | Prohibited items;CannabisSeedsPack;*;25000;-1;;
Запрещенные товары | Prohibited items;bearhead_mung;*;-1;5000;;
Эксклюзив | Exclusive;baseballbatsaw_mung;*;20000;-1;;
Эксклюзив | Exclusive;woodenhammer_mung;*;15000;-1;;
Эксклюзив | Exclusive;teddyhead_mung;*;12500;-1;;
Эксклюзив | Exclusive;strawhat_mung;*;10000;-1;;
Эксклюзив | Exclusive;hannibal_mask_mung;*;7500;-1;;
Эксклюзив | Exclusive;weldinggoggles_mung;*;5000;-1;;
Элитная экипировка | Elite equipment;MassRatnik;*;150000;70000;;
Элитная экипировка | Elite equipment;MassRatnik_Black;*;150000;70000;;
Элитная экипировка | Elite equipment;MassRatnik_Tan;*;150000;70000;;
Элитная экипировка | Elite equipment;Orden_Helmet_SOBR;*;50000;25000;;
Элитная экипировка | Elite equipment;Orden_Helmet_SOBR_visor;*;1500;750;;
Элитная экипировка | Elite equipment;Orden_Helmet_SOBR_green;*;50000;25000;;
Элитная экипировка | Elite equipment;Orden_Helmet_SOBR_green_visor;*;1500;750;;
Элитная экипировка | Elite equipment;Orden_Armor_SOBR;*;50000;25000;;
Элитная экипировка | Elite equipment;Orden_ArmorPouches_SOBR;*;700;350;;
Элитная экипировка | Elite equipment;Orden_ArmorHolster_SOBR;*;300;150;;
Элитная экипировка | Elite equipment;Orden_Armor_SOBR_green;*;50000;25000;;
Элитная экипировка | Elite equipment;Orden_ArmorPouches_SOBR_green;*;700;350;;
Элитная экипировка | Elite equipment;Orden_ArmorHolster_SOBR_green;*;300;150;;
Элитная экипировка | Elite equipment;MVS_Balaclava_Wraith;*;3500;750;;
Элитная экипировка | Elite equipment;MVS_Shroud_OD;*;2500;500;;
Элитная экипировка | Elite equipment;MVS_Shroud_Black;*;2500;500;;
Элитная экипировка | Elite equipment;MVS_Shroud_Tan;*;2500;500;;
Огнестрел | Weapons;Orden_W_M79;W;200000;80000;;
Огнестрел | Weapons;Orden_Ammo_40mm_HE;*;10000;5000;;
Огнестрел | Weapons;Orden_W_PKM;W;100000;40000;;
Огнестрел | Weapons;Orden_W_M249;W;45000;20000;;
Огнестрел | Weapons;Orden_W_BarretM107;W;450000;180000;;
Огнестрел | Weapons;Orden_W_CheyTacM200;W;250000;120000;;
Огнестрел | Weapons;Orden_W_M110;W;25000;12000;;
Огнестрел | Weapons;Orden_W_SCAR_SSR;W;22000;10500;;
Огнестрел | Weapons;FAL;W;21000;10000;;
Огнестрел | Weapons;Orden_W_SCAR_H;W;21000;10000;;
Огнестрел | Weapons;Orden_W_AA12;W;30000;14000;;
Боекомплект | Ammunition;Orden_AmmoBox_12_7x99_10Rnd;*;7000;3500;;
Боекомплект | Ammunition;Orden_AmmoBox_408_20Rnd;*;6000;3000;;
Боекомплект | Ammunition;Orden_AmmoBox_338_20Rnd;*;600;120;;
Боекомплект | Ammunition;AmmoBox_308Win_20Rnd;*;500;100;;
Боекомплект | Ammunition;Orden_Ammo_12_7x99;5;3500;1750;;
Боекомплект | Ammunition;Orden_Ammo_408;10;3000;1500;;
Боекомплект | Ammunition;Ammo_338;5;300;60;;
Боекомплект | Ammunition;Ammo_308Win;10;250;50;;
Боекомплект | Ammunition;Orden_Mag_PKM_250Rnd;M;25000;12500;;
Боекомплект | Ammunition;Orden_Mag_PKM_250Rnd;M;20000;10000;;
Боекомплект | Ammunition;Orden_Mag_PKM_100Rnd;M;15000;7500;;
Боекомплект | Ammunition;Orden_Mag_M249_200Rnd;M;9000;4500;;
Боекомплект | Ammunition;Orden_Mag_BarretM107_10Rnd;M;12000;6000;;
Боекомплект | Ammunition;Orden_Mag_CheyTacM200_7rnd;M;8000;4000;;
Боекомплект | Ammunition;Orden_Mag_M110_20Rnd;M;2500;1250;;
Боекомплект | Ammunition;Orden_Mag_M110_10Rnd;M;2000;1000;;
Боекомплект | Ammunition;Orden_Mag_SCAR_H_20Rnd;M;2400;1200;;
Боекомплект | Ammunition;Mag_FAL_20Rnd;M;2000;1000;;
Боекомплект | Ammunition;Orden_Mag_AA12_Drum32Rnd;M;8000;4000;;
Боекомплект | Ammunition;Orden_Mag_PKM_250Rnd;*;28750;14375;;
Боекомплект | Ammunition;Orden_Mag_PKM_200Rnd;*;23000;11500;;
Боекомплект | Ammunition;Orden_Mag_PKM_100Rnd;*;16500;8250;;
Боекомплект | Ammunition;Orden_Mag_M249_200Rnd;*;12000;6000;;
Боекомплект | Ammunition;Orden_Mag_BarretM107_10Rnd;*;19000;9500;;
Боекомплект | Ammunition;Orden_Mag_CheyTacM200_7rnd;*;10100;5050;;
Боекомплект | Ammunition;Orden_Mag_M110_20Rnd;*;3000;1500;;
Боекомплект | Ammunition;Orden_Mag_M110_10Rnd;*;2250;1125;;
Боекомплект | Ammunition;Orden_Mag_SCAR_H_20Rnd;*;2900;1450;;
Боекомплект | Ammunition;Mag_FAL_20Rnd;*;2500;1250;;
Боекомплект | Ammunition;Orden_Mag_AA12_Drum32Rnd;*;8750;4375;;
Обвесы | Weapon kits;Orden_M_M110_Suppressor;*;-1;6000;;
Вертолеты | Helicopters;HeliSIB_Mi35;V;1250000;500000;;
Вертолеты | Helicopters;HeliSIB_UH1H;V;900000;400000;;
Вертолеты | Helicopters;HeliSIB_police_base;V;650000;250000;;
Вертолеты | Helicopters;Helipolice_swat_SIB5;V;650000;250000;;
Вертолеты | Helicopters;HeliTest_SIB1;V;400000;150000;;
Вертолеты | Helicopters;HeliTest_SIB2;V;400000;150000;;
Вертолеты | Helicopters;HeliTest_SIB3;V;400000;150000;;
Запчасти и инструменты | Parts & Tools;CanisterGasoline;*;7500;1500;Канистра;
Сбыт товара | Drug;Cannabis;1;-1;75;;
Сбыт товара | Drug;Cannabis;5;-1;375;;
Сбыт товара | Drug;Cannabis;10;-1;750;;
Обмен валют | Exchange currency;MoneyRuble100;1;100;-1;;
Обмен валют | Exchange currency;MoneyRuble50;1;50;-1;;
Обмен валют | Exchange currency;MoneyRuble25;1;25;-1;;
Обмен валют | Exchange currency;MoneyRuble10;1;10;-1;;
Обмен валют | Exchange currency;MoneyRuble5;1;5;-1;;
Обмен валют | Exchange currency;MoneyRuble1;1;1;-1;;
Автомобили | Cars;CrSk_Oshkosh_M_ATV_HA;V;3500000;1250000;;
Автомобили | Cars;CrSk_Oshkosh_M_ATV;V;3500000;1250000;;
Автомобили | Cars;CrSk_GAZ_Tigr_M_Black;V;3000000;1000000;;
Автомобили | Cars;CrSk_GAZ_Tigr_M_Camo;V;2500000;800000;;
Автомобили | Cars;CrSk_GAZ_Tigr_M;V;2500000;800000;;
Автомобили | Cars;Gerph_Zil130;V;-1;125000;;
Автомобили | Cars;CrSk_Land_Rover_Defender_110_Green;V;250000;100000;;
Автомобили | Cars;CrSk_Land_Rover_Defender_110_UN;V;250000;100000;;
Автомобили | Cars;CrSk_Land_Rover_Defender_110_Red;V;250000;100000;;
Автомобили | Cars;CrSk_Land_Rover_Defender_110;V;250000;100000;;
Автомобили | Cars;Hatchback_02_Black;V;-1;70000;;
Автомобили | Cars;Hatchback_02_Blue;V;-1;70000;;
Автомобили | Cars;Hatchback_02;V;-1;70000;;
Автомобили | Cars;OffroadHatchback;V;-1;60000;;
Автомобили | Cars;OffroadHatchback_Blue;V;-1;60000;;
Автомобили | Cars;OffroadHatchback_White;V;-1;60000;;
Автомобили | Cars;Sedan_02;V;-1;50000;;
Автомобили | Cars;Sedan_02_Red;V;-1;50000;;
Автомобили | Cars;Sedan_02_Grey;V;-1;50000;;
Автомобили | Cars;CivilianSedan_Black;V;-1;40000;;
Автомобили | Cars;CivilianSedan_Wine;V;-1;40000;;
Автомобили | Cars;CivilianSedan;V;-1;40000;;
Автомобили | Cars;VehicleKeyDuplicate;K;10000;-1;;
Запчасти и инструменты | Parts & Tools;CanisterGasoline;*;7500;1500;Канистра;
Запчасти и инструменты | Parts & Tools;CarRadiator;*;1500;500;Радиатор;
Запчасти и инструменты | Parts & Tools;CarBattery;*;1000;300;Акумулятор;
Запчасти и инструменты | Parts & Tools;SparkPlug;*;800;150;Свеча;
Запчасти и инструменты | Parts & Tools;HeadlightH7_Box;*;250;50;Автомобильная лампа;
Запчасти и инструменты | Parts & Tools;Wrench;*;500;50;Гаечный ключ;
Запчасти и инструменты | Parts & Tools;TireRepairKit;*;500;50;Набор для ремонта шин;
Запчасти и инструменты | Parts & Tools;EngineOil;*;250;25;Моторное масло;
Колеса | Wheels;M_ATV_RW_koleso;*;20000;7500;;
Колеса | Wheels;GAZTigr_koleso_Black;*;15000;5000;;
Колеса | Wheels;GAZTigr_koleso;*;15000;5000;;
Колеса | Wheels;Zil130Wheel;*;5000;1000;;
Колеса | Wheels;Zil130WheelRear;*;5000;1000;;
Колеса | Wheels;Defender110_koleso;*;2500;500;;
Съемные детали M-ATV | Removable parts M-ATV;M_ATV_RW_HA_dver_1_1;*;15000;7500;;
Съемные детали M-ATV | Removable parts M-ATV;M_ATV_RW_HA_dver_1_2;*;15000;7500;;
Съемные детали M-ATV | Removable parts M-ATV;M_ATV_RW_HA_dver_2_1;*;15000;7500;;
Съемные детали M-ATV | Removable parts M-ATV;M_ATV_RW_HA_dver_2_2;*;15000;7500;;
Съемные детали M-ATV | Removable parts M-ATV;M_ATV_RW_dver_1_1;*;15000;7500;;
Съемные детали M-ATV | Removable parts M-ATV;M_ATV_RW_dver_1_2;*;15000;7500;;
Съемные детали M-ATV | Removable parts M-ATV;M_ATV_RW_dver_2_1;*;15000;7500;;
Съемные детали M-ATV | Removable parts M-ATV;M_ATV_RW_dver_2_2;*;15000;7500;;
Съемные детали TIGR | Removable parts TIGR;GAZTigr_dver_1_1_Black;*;10000;5000;;
Съемные детали TIGR | Removable parts TIGR;GAZTigr_dver_1_2_Black;*;10000;5000;;
Съемные детали TIGR | Removable parts TIGR;GAZTigr_dver_2_1_Black;*;10000;5000;;
Съемные детали TIGR | Removable parts TIGR;GAZTigr_dver_2_2_Black;*;10000;5000;;
Съемные детали TIGR | Removable parts TIGR;GAZTigr_dver_1_1_Camo;*;7500;3750;;
Съемные детали TIGR | Removable parts TIGR;GAZTigr_dver_1_2_Camo;*;7500;3750;;
Съемные детали TIGR | Removable parts TIGR;GAZTigr_dver_2_1_Camo;*;7500;3750;;
Съемные детали TIGR | Removable parts TIGR;GAZTigr_dver_2_2_Camo;*;7500;3750;;
Съемные детали TIGR | Removable parts TIGR;GAZTigr_dver_1_1;*;7500;3750;;
Съемные детали TIGR | Removable parts TIGR;GAZTigr_dver_1_2;*;7500;3750;;
Съемные детали TIGR | Removable parts TIGR;GAZTigr_dver_2_1;*;7500;3750;;
Съемные детали TIGR | Removable parts TIGR;GAZTigr_dver_2_2;*;7500;3750;;
Съемные детали TIGR | Removable parts TIGR;GAZTigr_kapot;*;7500;3750;;
Съемные детали Land Rover | Removable parts Land Rover;Defender110_dver_1_1_Green;*;1250;250;;
Съемные детали Land Rover | Removable parts Land Rover;Defender110_dver_2_1_Green;*;1250;250;;
Съемные детали Land Rover | Removable parts Land Rover;Defender110_dver_1_2_Green;*;1250;250;;
Съемные детали Land Rover | Removable parts Land Rover;Defender110_dver_2_2_Green;*;1250;250;;
Съемные детали Land Rover | Removable parts Land Rover;Defender110_kapot_Green;*;1250;250;;
Съемные детали Land Rover | Removable parts Land Rover;Defender110_bagazhnik_Green;*;1250;250;;
Съемные детали Land Rover | Removable parts Land Rover;Defender110_dver_1_1_UN;*;1250;250;;
Съемные детали Land Rover | Removable parts Land Rover;Defender110_dver_2_1_UN;*;1250;250;;
Съемные детали Land Rover | Removable parts Land Rover;Defender110_dver_1_2_UN;*;1250;250;;
Съемные детали Land Rover | Removable parts Land Rover;Defender110_dver_2_2_UN;*;1250;250;;
Съемные детали Land Rover | Removable parts Land Rover;Defender110_kapot_UN;*;1250;250;;
Съемные детали Land Rover | Removable parts Land Rover;Defender110_bagazhnik_UN;*;1250;250;;
Съемные детали Land Rover | Removable parts Land Rover;Defender110_dver_1_1_Red;*;1250;250;;
Съемные детали Land Rover | Removable parts Land Rover;Defender110_dver_2_1_Red;*;1250;250;;
Съемные детали Land Rover | Removable parts Land Rover;Defender110_dver_1_2_Red;*;1250;250;;
Съемные детали Land Rover | Removable parts Land Rover;Defender110_dver_2_2_Red;*;1250;250;;
Съемные детали Land Rover | Removable parts Land Rover;Defender110_kapot_Red;*;1250;250;;
Съемные детали Land Rover | Removable parts Land Rover;Defender110_bagazhnik_Red;*;1250;250;;
Съемные детали Land Rover | Removable parts Land Rover;Defender110_dver_1_1;*;1250;250;;
Съемные детали Land Rover | Removable parts Land Rover;Defender110_dver_2_1;*;1250;250;;
Съемные детали Land Rover | Removable parts Land Rover;Defender110_dver_1_2;*;1250;250;;
Съемные детали Land Rover | Removable parts Land Rover;Defender110_dver_2_2;*;1250;250;;
Съемные детали Land Rover | Removable parts Land Rover;Defender110_kapot;*;1250;250;;
Съемные детали Land Rover | Removable parts Land Rover;Defender110_bagazhnik;*;1250;250;;
Автомобили;CrSk_Oshkosh_M_ATV_HA;V;1000;-1;;
Автомобили;CrSk_Oshkosh_M_ATV;V;1000;-1;;
Автомобили;CrSk_GAZ_Tigr_M_Black;V;1000;-1;;
Автомобили;CrSk_GAZ_Tigr_M_Camo;V;1000;-1;;
Автомобили;CrSk_GAZ_Tigr_M;V;1000;-1;;
Автомобили;Gerph_Zil130;V;1000;-1;;
Автомобили;CrSk_Land_Rover_Defender_110_Green;V;1000;-1;;
Автомобили;CrSk_Land_Rover_Defender_110_UN;V;1000;-1;;
Автомобили;CrSk_Land_Rover_Defender_110_Red;V;1000;-1;;
Автомобили;CrSk_Land_Rover_Defender_110;V;1000;-1;;
Автомобили;VehicleKeyDuplicate;K;1000;-1;;
Вертолеты;HeliSIB_Mi35;V;1000;-1;;
Вертолеты;HeliSIB_UH1H;V;1000;-1;;
Вертолеты;HeliTest_SIB1;V;1000;-1;;
Вертолеты;HeliTest_SIB2;V;1000;-1;;
Вертолеты;HeliTest_SIB3;V;1000;-1;;
Вертолеты;VehicleKeyDuplicate;K;1000;-1;;
Автомобили;CrSk_Oshkosh_M_ATV_HA;V;1000;-1;;
Автомобили;CrSk_Oshkosh_M_ATV;V;1000;-1;;
Автомобили;CrSk_GAZ_Tigr_M_Black;V;1000;-1;;
Автомобили;CrSk_GAZ_Tigr_M_Camo;V;1000;-1;;
Автомобили;CrSk_GAZ_Tigr_M;V;1000;-1;;
Автомобили;Gerph_Zil130;V;1000;-1;;
Автомобили;CrSk_Land_Rover_Defender_110_Green;V;1000;-1;;
Автомобили;CrSk_Land_Rover_Defender_110_UN;V;1000;-1;;
Автомобили;CrSk_Land_Rover_Defender_110_Red;V;1000;-1;;
Автомобили;CrSk_Land_Rover_Defender_110;V;1000;-1;;
Автомобили;VehicleKeyDuplicate;K;1000;-1;;
Вертолеты;HeliSIB_Mi35;V;1000;-1;;
Вертолеты;HeliSIB_UH1H;V;1000;-1;;
Вертолеты;HeliTest_SIB1;V;1000;-1;;
Вертолеты;HeliTest_SIB2;V;1000;-1;;
Вертолеты;HeliTest_SIB3;V;1000;-1;;
Вертолеты;VehicleKeyDuplicate;K;1000;-1;;
